experiment_id,target,api-gateway__anomaly_count,api-gateway__anomaly_duration_sec,api-gateway__anomaly_fraction,api-gateway__anomaly_score_max,api-gateway__anomaly_score_mean,api-gateway__dist_to_earliest_anomaly,api-gateway__downstream_anomaly_count,api-gateway__downstream_count,api-gateway__downstream_latency_ratio,api-gateway__downstream_mean_latency,api-gateway__error_rate_delta,api-gateway__error_rate_max,api-gateway__error_rate_mean,api-gateway__error_rate_slope,api-gateway__error_rate_std,api-gateway__in_degree,api-gateway__latency_lag1_diff,api-gateway__latency_lag2_diff,api-gateway__latency_rolling_mean_max,api-gateway__latency_rolling_std_max,api-gateway__latency_slope,api-gateway__latency_step_t0,api-gateway__latency_step_t_last,api-gateway__out_degree,api-gateway__p50_mean,api-gateway__p99_delta,api-gateway__p99_max,api-gateway__p99_mean,api-gateway__p99_median,api-gateway__p99_min,api-gateway__p99_p95,api-gateway__p99_std,api-gateway__pool_util_delta,api-gateway__pool_util_max,api-gateway__pool_util_mean,api-gateway__propagation_order_score,api-gateway__relative_anomaly_rank,api-gateway__request_rate_mean,api-gateway__time_to_first_anomaly,api-gateway__upstream_anomaly_count,api-gateway__upstream_count,api-gateway__upstream_mean_latency,global__cascade_diameter,global__system_max_error_rate,global__system_max_p99_latency,global__total_anomalous_services,inventory-db__anomaly_count,inventory-db__anomaly_duration_sec,inventory-db__anomaly_fraction,inventory-db__anomaly_score_max,inventory-db__anomaly_score_mean,inventory-db__dist_to_earliest_anomaly,inventory-db__downstream_anomaly_count,inventory-db__downstream_count,inventory-db__downstream_latency_ratio,inventory-db__downstream_mean_latency,inventory-db__error_rate_delta,inventory-db__error_rate_max,inventory-db__error_rate_mean,inventory-db__error_rate_slope,inventory-db__error_rate_std,inventory-db__in_degree,inventory-db__latency_lag1_diff,inventory-db__latency_lag2_diff,inventory-db__latency_rolling_mean_max,inventory-db__latency_rolling_std_max,inventory-db__latency_slope,inventory-db__latency_step_t0,inventory-db__latency_step_t_last,inventory-db__out_degree,inventory-db__p50_mean,inventory-db__p99_delta,inventory-db__p99_max,inventory-db__p99_mean,inventory-db__p99_median,inventory-db__p99_min,inventory-db__p99_p95,inventory-db__p99_std,inventory-db__pool_util_delta,inventory-db__pool_util_max,inventory-db__pool_util_mean,inventory-db__propagation_order_score,inventory-db__relative_anomaly_rank,inventory-db__request_rate_mean,inventory-db__time_to_first_anomaly,inventory-db__upstream_anomaly_count,inventory-db__upstream_count,inventory-db__upstream_mean_latency,inventory-service__anomaly_count,inventory-service__anomaly_duration_sec,inventory-service__anomaly_fraction,inventory-service__anomaly_score_max,inventory-service__anomaly_score_mean,inventory-service__dist_to_earliest_anomaly,inventory-service__downstream_anomaly_count,inventory-service__downstream_count,inventory-service__downstream_latency_ratio,inventory-service__downstream_mean_latency,inventory-service__error_rate_delta,inventory-service__error_rate_max,inventory-service__error_rate_mean,inventory-service__error_rate_slope,inventory-service__error_rate_std,inventory-service__in_degree,inventory-service__latency_lag1_diff,inventory-service__latency_lag2_diff,inventory-service__latency_rolling_mean_max,inventory-service__latency_rolling_std_max,inventory-service__latency_slope,inventory-service__latency_step_t0,inventory-service__latency_step_t_last,inventory-service__out_degree,inventory-service__p50_mean,inventory-service__p99_delta,inventory-service__p99_max,inventory-service__p99_mean,inventory-service__p99_median,inventory-service__p99_min,inventory-service__p99_p95,inventory-service__p99_std,inventory-service__pool_util_delta,inventory-service__pool_util_max,inventory-service__pool_util_mean,inventory-service__propagation_order_score,inventory-service__relative_anomaly_rank,inventory-service__request_rate_mean,inventory-service__time_to_first_anomaly,inventory-service__upstream_anomaly_count,inventory-service__upstream_count,inventory-service__upstream_mean_latency,order-service__anomaly_count,order-service__anomaly_duration_sec,order-service__anomaly_fraction,order-service__anomaly_score_max,order-service__anomaly_score_mean,order-service__dist_to_earliest_anomaly,order-service__downstream_anomaly_count,order-service__downstream_count,order-service__downstream_latency_ratio,order-service__downstream_mean_latency,order-service__error_rate_delta,order-service__error_rate_max,order-service__error_rate_mean,order-service__error_rate_slope,order-service__error_rate_std,order-service__in_degree,order-service__latency_lag1_diff,order-service__latency_lag2_diff,order-service__latency_rolling_mean_max,order-service__latency_rolling_std_max,order-service__latency_slope,order-service__latency_step_t0,order-service__latency_step_t_last,order-service__out_degree,order-service__p50_mean,order-service__p99_delta,order-service__p99_max,order-service__p99_mean,order-service__p99_median,order-service__p99_min,order-service__p99_p95,order-service__p99_std,order-service__pool_util_delta,order-service__pool_util_max,order-service__pool_util_mean,order-service__propagation_order_score,order-service__relative_anomaly_rank,order-service__request_rate_mean,order-service__time_to_first_anomaly,order-service__upstream_anomaly_count,order-service__upstream_count,order-service__upstream_mean_latency,payment-service__anomaly_count,payment-service__anomaly_duration_sec,payment-service__anomaly_fraction,payment-service__anomaly_score_max,payment-service__anomaly_score_mean,payment-service__dist_to_earliest_anomaly,payment-service__downstream_anomaly_count,payment-service__downstream_count,payment-service__downstream_latency_ratio,payment-service__downstream_mean_latency,payment-service__error_rate_delta,payment-service__error_rate_max,payment-service__error_rate_mean,payment-service__error_rate_slope,payment-service__error_rate_std,payment-service__in_degree,payment-service__latency_lag1_diff,payment-service__latency_lag2_diff,payment-service__latency_rolling_mean_max,payment-service__latency_rolling_std_max,payment-service__latency_slope,payment-service__latency_step_t0,payment-service__latency_step_t_last,payment-service__out_degree,payment-service__p50_mean,payment-service__p99_delta,payment-service__p99_max,payment-service__p99_mean,payment-service__p99_median,payment-service__p99_min,payment-service__p99_p95,payment-service__p99_std,payment-service__pool_util_delta,payment-service__pool_util_max,payment-service__pool_util_mean,payment-service__propagation_order_score,payment-service__relative_anomaly_rank,payment-service__request_rate_mean,payment-service__time_to_first_anomaly,payment-service__upstream_anomaly_count,payment-service__upstream_count,payment-service__upstream_mean_latency
EXP-001,NO_FAULT,0.0,0.0,0.0,0.0,0.0,0.0,0.0,4.0,0.0,80.0,0.0,0.1,0.10000000000000002,-3.780823611455878e-34,1.3877787807814457e-17,0.0,0.0,0.0,45.0,0.0,0.0,45.0,45.0,1.0,27.0,0.0,45.0,45.0,45.0,45.0,45.0,0.0,0.0,25.0,25.0,0.0,1.0,60.0,37.48399996757507,0.0,0.0,0.0,0.0,0.1,80.0,0.0,0.0,0.0,0.0,0.0,0.0,3.0,0.0,0.0,1.0,0.0,0.0,0.1,0.10000000000000002,-3.780823611455878e-34,1.3877787807814457e-17,1.0,0.0,0.0,15.0,0.0,0.0,15.0,15.0,0.0,9.0,0.0,15.0,15.0,15.0,15.0,15.0,0.0,0.0,25.0,25.0,0.0,5.0,60.0,37.48399996757507,0.0,3.0,55.0,0.0,0.0,0.0,0.0,0.0,2.0,0.0,1.0,0.0,15.0,0.0,0.1,0.10000000000000002,-3.780823611455878e-34,1.3877787807814457e-17,1.0,0.0,0.0,55.0,0.0,0.0,55.0,55.0,1.0,33.0,0.0,55.0,55.0,55.0,55.0,55.0,0.0,0.0,25.0,25.0,0.0,3.0,60.0,37.48399996757507,0.0,2.0,80.0,0.0,0.0,0.0,0.0,0.0,1.0,0.0,3.0,0.0,60.0,0.0,0.1,0.10000000000000002,-3.780823611455878e-34,1.3877787807814457e-17,1.0,0.0,0.0,80.0,0.0,0.0,80.0,80.0,2.0,48.0,0.0,80.0,80.0,80.0,80.0,80.0,0.0,0.0,25.0,25.0,0.0,2.0,60.0,37.48399996757507,0.0,1.0,45.0,0.0,0.0,0.0,0.0,0.0,2.0,0.0,0.0,1.0,0.0,0.0,0.1,0.10000000000000002,-3.780823611455878e-34,1.3877787807814457e-17,1.0,0.0,0.0,65.0,0.0,0.0,65.0,65.0,0.0,39.0,0.0,65.0,65.0,65.0,65.0,65.0,0.0,0.0,25.0,25.0,0.0,4.0,60.0,37.48399996757507,0.0,2.0,80.0
EXP-002,NO_FAULT,0.0,0.0,0.0,0.0,0.0,0.0,0.0,4.0,0.0,80.0,0.0,0.1,0.10000000000000002,6.172306272015248e-34,1.3877787807814457e-17,0.0,0.0,0.0,45.0,0.0,0.0,45.0,45.0,1.0,27.0,0.0,45.0,45.0,45.0,45.0,45.0,0.0,0.0,25.0,25.0,0.0,1.0,60.0,38.53800010681152,0.0,0.0,0.0,0.0,0.1,80.0,0.0,0.0,0.0,0.0,0.0,0.0,3.0,0.0,0.0,1.0,0.0,0.0,0.1,0.10000000000000002,6.172306272015248e-34,1.3877787807814457e-17,1.0,0.0,0.0,15.0,0.0,0.0,15.0,15.0,0.0,9.0,0.0,15.0,15.0,15.0,15.0,15.0,0.0,0.0,25.0,25.0,0.0,5.0,60.0,38.53800010681152,0.0,3.0,55.0,0.0,0.0,0.0,0.0,0.0,2.0,0.0,1.0,0.0,15.0,0.0,0.1,0.10000000000000002,6.172306272015248e-34,1.3877787807814457e-17,1.0,0.0,0.0,55.0,0.0,0.0,55.0,55.0,1.0,33.0,0.0,55.0,55.0,55.0,55.0,55.0,0.0,0.0,25.0,25.0,0.0,3.0,60.0,38.53800010681152,0.0,2.0,80.0,0.0,0.0,0.0,0.0,0.0,1.0,0.0,3.0,0.0,60.0,0.0,0.1,0.10000000000000002,6.172306272015248e-34,1.3877787807814457e-17,1.0,0.0,0.0,80.0,0.0,0.0,80.0,80.0,2.0,48.0,0.0,80.0,80.0,80.0,80.0,80.0,0.0,0.0,25.0,25.0,0.0,2.0,60.0,38.53800010681152,0.0,1.0,45.0,0.0,0.0,0.0,0.0,0.0,2.0,0.0,0.0,1.0,0.0,0.0,0.1,0.10000000000000002,6.172306272015248e-34,1.3877787807814457e-17,1.0,0.0,0.0,65.0,0.0,0.0,65.0,65.0,0.0,39.0,0.0,65.0,65.0,65.0,65.0,65.0,0.0,0.0,25.0,25.0,0.0,4.0,60.0,38.53800010681152,0.0,2.0,80.0
EXP-003,NO_FAULT,0.0,0.0,0.0,0.0,0.0,0.0,0.0,4.0,0.0,80.0,0.0,0.1,0.10000000000000002,4.736411146814769e-34,1.3877787807814457e-17,0.0,0.0,0.0,45.0,0.0,0.0,45.0,45.0,1.0,27.0,0.0,45.0,45.0,45.0,45.0,45.0,0.0,0.0,25.0,25.0,0.0,1.0,60.0,37.5479998588562,0.0,0.0,0.0,0.0,0.1,80.0,0.0,0.0,0.0,0.0,0.0,0.0,3.0,0.0,0.0,1.0,0.0,0.0,0.1,0.10000000000000002,4.736411146814769e-34,1.3877787807814457e-17,1.0,0.0,0.0,15.0,0.0,0.0,15.0,15.0,0.0,9.0,0.0,15.0,15.0,15.0,15.0,15.0,0.0,0.0,25.0,25.0,0.0,5.0,60.0,37.5479998588562,0.0,3.0,55.0,0.0,0.0,0.0,0.0,0.0,2.0,0.0,1.0,0.0,15.0,0.0,0.1,0.10000000000000002,4.736411146814769e-34,1.3877787807814457e-17,1.0,0.0,0.0,55.0,0.0,0.0,55.0,55.0,1.0,33.0,0.0,55.0,55.0,55.0,55.0,55.0,0.0,0.0,25.0,25.0,0.0,3.0,60.0,37.5479998588562,0.0,2.0,80.0,0.0,0.0,0.0,0.0,0.0,1.0,0.0,3.0,0.0,60.0,0.0,0.1,0.10000000000000002,4.736411146814769e-34,1.3877787807814457e-17,1.0,0.0,0.0,80.0,0.0,0.0,80.0,80.0,2.0,48.0,0.0,80.0,80.0,80.0,80.0,80.0,0.0,0.0,25.0,25.0,0.0,2.0,60.0,37.5479998588562,0.0,1.0,45.0,0.0,0.0,0.0,0.0,0.0,2.0,0.0,0.0,1.0,0.0,0.0,0.1,0.10000000000000002,4.736411146814769e-34,1.3877787807814457e-17,1.0,0.0,0.0,65.0,0.0,0.0,65.0,65.0,0.0,39.0,0.0,65.0,65.0,65.0,65.0,65.0,0.0,0.0,25.0,25.0,0.0,4.0,60.0,37.5479998588562,0.0,2.0,80.0
EXP-004,NO_FAULT,0.0,0.0,0.0,0.0,0.0,0.0,0.0,4.0,0.0,80.0,0.0,0.1,0.10000000000000002,-3.7806071087154454e-34,1.3877787807814457e-17,0.0,0.0,0.0,45.0,0.0,0.0,45.0,45.0,1.0,27.0,0.0,45.0,45.0,45.0,45.0,45.0,0.0,0.0,25.0,25.0,0.0,1.0,60.0,38.55800008773804,0.0,0.0,0.0,0.0,0.1,80.0,0.0,0.0,0.0,0.0,0.0,0.0,3.0,0.0,0.0,1.0,0.0,0.0,0.1,0.10000000000000002,-3.7806071087154454e-34,1.3877787807814457e-17,1.0,0.0,0.0,15.0,0.0,0.0,15.0,15.0,0.0,9.0,0.0,15.0,15.0,15.0,15.0,15.0,0.0,0.0,25.0,25.0,0.0,5.0,60.0,38.55800008773804,0.0,3.0,55.0,0.0,0.0,0.0,0.0,0.0,2.0,0.0,1.0,0.0,15.0,0.0,0.1,0.10000000000000002,-3.7806071087154454e-34,1.3877787807814457e-17,1.0,0.0,0.0,55.0,0.0,0.0,55.0,55.0,1.0,33.0,0.0,55.0,55.0,55.0,55.0,55.0,0.0,0.0,25.0,25.0,0.0,3.0,60.0,38.55800008773804,0.0,2.0,80.0,0.0,0.0,0.0,0.0,0.0,1.0,0.0,3.0,0.0,60.0,0.0,0.1,0.10000000000000002,-3.7806071087154454e-34,1.3877787807814457e-17,1.0,0.0,0.0,80.0,0.0,0.0,80.0,80.0,2.0,48.0,0.0,80.0,80.0,80.0,80.0,80.0,0.0,0.0,25.0,25.0,0.0,2.0,60.0,38.55800008773804,0.0,1.0,45.0,0.0,0.0,0.0,0.0,0.0,2.0,0.0,0.0,1.0,0.0,0.0,0.1,0.10000000000000002,-3.7806071087154454e-34,1.3877787807814457e-17,1.0,0.0,0.0,65.0,0.0,0.0,65.0,65.0,0.0,39.0,0.0,65.0,65.0,65.0,65.0,65.0,0.0,0.0,25.0,25.0,0.0,4.0,60.0,38.55800008773804,0.0,2.0,80.0
EXP-005,NO_FAULT,0.0,0.0,0.0,0.0,0.0,0.0,0.0,4.0,0.0,80.0,0.0,0.1,0.10000000000000002,3.7988225933739288e-34,1.3877787807814457e-17,0.0,0.0,0.0,45.0,0.0,0.0,45.0,45.0,1.0,27.0,0.0,45.0,45.0,45.0,45.0,45.0,0.0,0.0,25.0,25.0,0.0,1.0,60.0,38.47099995613098,0.0,0.0,0.0,0.0,0.1,80.0,0.0,0.0,0.0,0.0,0.0,0.0,3.0,0.0,0.0,1.0,0.0,0.0,0.1,0.10000000000000002,3.7988225933739288e-34,1.3877787807814457e-17,1.0,0.0,0.0,15.0,0.0,0.0,15.0,15.0,0.0,9.0,0.0,15.0,15.0,15.0,15.0,15.0,0.0,0.0,25.0,25.0,0.0,5.0,60.0,38.47099995613098,0.0,3.0,55.0,0.0,0.0,0.0,0.0,0.0,2.0,0.0,1.0,0.0,15.0,0.0,0.1,0.10000000000000002,3.7988225933739288e-34,1.3877787807814457e-17,1.0,0.0,0.0,55.0,0.0,0.0,55.0,55.0,1.0,33.0,0.0,55.0,55.0,55.0,55.0,55.0,0.0,0.0,25.0,25.0,0.0,3.0,60.0,38.47099995613098,0.0,2.0,80.0,0.0,0.0,0.0,0.0,0.0,1.0,0.0,3.0,0.0,60.0,0.0,0.1,0.10000000000000002,3.7988225933739288e-34,1.3877787807814457e-17,1.0,0.0,0.0,80.0,0.0,0.0,80.0,80.0,2.0,48.0,0.0,80.0,80.0,80.0,80.0,80.0,0.0,0.0,25.0,25.0,0.0,2.0,60.0,38.47099995613098,0.0,1.0,45.0,0.0,0.0,0.0,0.0,0.0,2.0,0.0,0.0,1.0,0.0,0.0,0.1,0.10000000000000002,3.7988225933739288e-34,1.3877787807814457e-17,1.0,0.0,0.0,65.0,0.0,0.0,65.0,65.0,0.0,39.0,0.0,65.0,65.0,65.0,65.0,65.0,0.0,0.0,25.0,25.0,0.0,4.0,60.0,38.47099995613098,0.0,2.0,80.0
EXP-006,NO_FAULT,0.0,0.0,0.0,0.0,0.0,0.0,0.0,4.0,0.0,80.0,0.0,0.1,0.10000000000000002,-2.051099767984035e-34,1.3877787807814457e-17,0.0,0.0,0.0,45.0,0.0,0.0,45.0,45.0,1.0,27.0,0.0,45.0,45.0,45.0,45.0,45.0,0.0,0.0,25.0,25.0,0.0,1.0,60.0,37.49900007247925,0.0,0.0,0.0,0.0,0.1,80.0,0.0,0.0,0.0,0.0,0.0,0.0,3.0,0.0,0.0,1.0,0.0,0.0,0.1,0.10000000000000002,-2.051099767984035e-34,1.3877787807814457e-17,1.0,0.0,0.0,15.0,0.0,0.0,15.0,15.0,0.0,9.0,0.0,15.0,15.0,15.0,15.0,15.0,0.0,0.0,25.0,25.0,0.0,5.0,60.0,37.49900007247925,0.0,3.0,55.0,0.0,0.0,0.0,0.0,0.0,2.0,0.0,1.0,0.0,15.0,0.0,0.1,0.10000000000000002,-2.051099767984035e-34,1.3877787807814457e-17,1.0,0.0,0.0,55.0,0.0,0.0,55.0,55.0,1.0,33.0,0.0,55.0,55.0,55.0,55.0,55.0,0.0,0.0,25.0,25.0,0.0,3.0,60.0,37.49900007247925,0.0,2.0,80.0,0.0,0.0,0.0,0.0,0.0,1.0,0.0,3.0,0.0,60.0,0.0,0.1,0.10000000000000002,-2.051099767984035e-34,1.3877787807814457e-17,1.0,0.0,0.0,80.0,0.0,0.0,80.0,80.0,2.0,48.0,0.0,80.0,80.0,80.0,80.0,80.0,0.0,0.0,25.0,25.0,0.0,2.0,60.0,37.49900007247925,0.0,1.0,45.0,0.0,0.0,0.0,0.0,0.0,2.0,0.0,0.0,1.0,0.0,0.0,0.1,0.10000000000000002,-2.051099767984035e-34,1.3877787807814457e-17,1.0,0.0,0.0,65.0,0.0,0.0,65.0,65.0,0.0,39.0,0.0,65.0,65.0,65.0,65.0,65.0,0.0,0.0,25.0,25.0,0.0,4.0,60.0,37.49900007247925,0.0,2.0,80.0
EXP-007,NO_FAULT,0.0,0.0,0.0,0.0,0.0,0.0,0.0,4.0,0.0,80.0,0.0,0.1,0.10000000000000002,-1.1991408107857634e-34,1.3877787807814457e-17,0.0,0.0,0.0,45.0,0.0,0.0,45.0,45.0,1.0,27.0,0.0,45.0,45.0,45.0,45.0,45.0,0.0,0.0,25.0,25.0,0.0,1.0,60.0,38.480000019073486,0.0,0.0,0.0,0.0,0.1,80.0,0.0,0.0,0.0,0.0,0.0,0.0,3.0,0.0,0.0,1.0,0.0,0.0,0.1,0.10000000000000002,-1.1991408107857634e-34,1.3877787807814457e-17,1.0,0.0,0.0,15.0,0.0,0.0,15.0,15.0,0.0,9.0,0.0,15.0,15.0,15.0,15.0,15.0,0.0,0.0,25.0,25.0,0.0,5.0,60.0,38.480000019073486,0.0,3.0,55.0,0.0,0.0,0.0,0.0,0.0,2.0,0.0,1.0,0.0,15.0,0.0,0.1,0.10000000000000002,-1.1991408107857634e-34,1.3877787807814457e-17,1.0,0.0,0.0,55.0,0.0,0.0,55.0,55.0,1.0,33.0,0.0,55.0,55.0,55.0,55.0,55.0,0.0,0.0,25.0,25.0,0.0,3.0,60.0,38.480000019073486,0.0,2.0,80.0,0.0,0.0,0.0,0.0,0.0,1.0,0.0,3.0,0.0,60.0,0.0,0.1,0.10000000000000002,-1.1991408107857634e-34,1.3877787807814457e-17,1.0,0.0,0.0,80.0,0.0,0.0,80.0,80.0,2.0,48.0,0.0,80.0,80.0,80.0,80.0,80.0,0.0,0.0,25.0,25.0,0.0,2.0,60.0,38.480000019073486,0.0,1.0,45.0,0.0,0.0,0.0,0.0,0.0,2.0,0.0,0.0,1.0,0.0,0.0,0.1,0.10000000000000002,-1.1991408107857634e-34,1.3877787807814457e-17,1.0,0.0,0.0,65.0,0.0,0.0,65.0,65.0,0.0,39.0,0.0,65.0,65.0,65.0,65.0,65.0,0.0,0.0,25.0,25.0,0.0,4.0,60.0,38.480000019073486,0.0,2.0,80.0
EXP-008,NO_FAULT,0.0,0.0,0.0,0.0,0.0,0.0,0.0,4.0,0.0,80.0,0.0,0.1,0.10000000000000002,2.0593497036363353e-34,1.3877787807814457e-17,0.0,0.0,0.0,45.0,0.0,0.0,45.0,45.0,1.0,27.0,0.0,45.0,45.0,45.0,45.0,45.0,0.0,0.0,25.0,25.0,0.0,1.0,60.0,37.41499996185303,0.0,0.0,0.0,0.0,0.1,80.0,0.0,0.0,0.0,0.0,0.0,0.0,3.0,0.0,0.0,1.0,0.0,0.0,0.1,0.10000000000000002,2.0593497036363353e-34,1.3877787807814457e-17,1.0,0.0,0.0,15.0,0.0,0.0,15.0,15.0,0.0,9.0,0.0,15.0,15.0,15.0,15.0,15.0,0.0,0.0,25.0,25.0,0.0,5.0,60.0,37.41499996185303,0.0,3.0,55.0,0.0,0.0,0.0,0.0,0.0,2.0,0.0,1.0,0.0,15.0,0.0,0.1,0.10000000000000002,2.0593497036363353e-34,1.3877787807814457e-17,1.0,0.0,0.0,55.0,0.0,0.0,55.0,55.0,1.0,33.0,0.0,55.0,55.0,55.0,55.0,55.0,0.0,0.0,25.0,25.0,0.0,3.0,60.0,37.41499996185303,0.0,2.0,80.0,0.0,0.0,0.0,0.0,0.0,1.0,0.0,3.0,0.0,60.0,0.0,0.1,0.10000000000000002,2.0593497036363353e-34,1.3877787807814457e-17,1.0,0.0,0.0,80.0,0.0,0.0,80.0,80.0,2.0,48.0,0.0,80.0,80.0,80.0,80.0,80.0,0.0,0.0,25.0,25.0,0.0,2.0,60.0,37.41499996185303,0.0,1.0,45.0,0.0,0.0,0.0,0.0,0.0,2.0,0.0,0.0,1.0,0.0,0.0,0.1,0.10000000000000002,2.0593497036363353e-34,1.3877787807814457e-17,1.0,0.0,0.0,65.0,0.0,0.0,65.0,65.0,0.0,39.0,0.0,65.0,65.0,65.0,65.0,65.0,0.0,0.0,25.0,25.0,0.0,4.0,60.0,37.41499996185303,0.0,2.0,80.0
EXP-009,NO_FAULT,0.0,0.0,0.0,0.0,0.0,0.0,0.0,4.0,0.0,80.0,0.0,0.1,0.10000000000000002,-2.004175103104211e-34,1.3877787807814457e-17,0.0,0.0,0.0,45.0,0.0,0.0,45.0,45.0,1.0,27.0,0.0,45.0,45.0,45.0,45.0,45.0,0.0,0.0,25.0,25.0,0.0,1.0,60.0,38.40899991989136,0.0,0.0,0.0,0.0,0.1,80.0,0.0,0.0,0.0,0.0,0.0,0.0,3.0,0.0,0.0,1.0,0.0,0.0,0.1,0.10000000000000002,-2.004175103104211e-34,1.3877787807814457e-17,1.0,0.0,0.0,15.0,0.0,0.0,15.0,15.0,0.0,9.0,0.0,15.0,15.0,15.0,15.0,15.0,0.0,0.0,25.0,25.0,0.0,5.0,60.0,38.40899991989136,0.0,3.0,55.0,0.0,0.0,0.0,0.0,0.0,2.0,0.0,1.0,0.0,15.0,0.0,0.1,0.10000000000000002,-2.004175103104211e-34,1.3877787807814457e-17,1.0,0.0,0.0,55.0,0.0,0.0,55.0,55.0,1.0,33.0,0.0,55.0,55.0,55.0,55.0,55.0,0.0,0.0,25.0,25.0,0.0,3.0,60.0,38.40899991989136,0.0,2.0,80.0,0.0,0.0,0.0,0.0,0.0,1.0,0.0,3.0,0.0,60.0,0.0,0.1,0.10000000000000002,-2.004175103104211e-34,1.3877787807814457e-17,1.0,0.0,0.0,80.0,0.0,0.0,80.0,80.0,2.0,48.0,0.0,80.0,80.0,80.0,80.0,80.0,0.0,0.0,25.0,25.0,0.0,2.0,60.0,38.40899991989136,0.0,1.0,45.0,0.0,0.0,0.0,0.0,0.0,2.0,0.0,0.0,1.0,0.0,0.0,0.1,0.10000000000000002,-2.004175103104211e-34,1.3877787807814457e-17,1.0,0.0,0.0,65.0,0.0,0.0,65.0,65.0,0.0,39.0,0.0,65.0,65.0,65.0,65.0,65.0,0.0,0.0,25.0,25.0,0.0,4.0,60.0,38.40899991989136,0.0,2.0,80.0
EXP-010,NO_FAULT,0.0,0.0,0.0,0.0,0.0,0.0,0.0,4.0,0.0,80.0,0.0,0.1,0.10000000000000002,1.6027773159076981e-34,1.3877787807814457e-17,0.0,0.0,0.0,45.0,0.0,0.0,45.0,45.0,1.0,27.0,0.0,45.0,45.0,45.0,45.0,45.0,0.0,0.0,25.0,25.0,0.0,1.0,60.0,38.42700004577637,0.0,0.0,0.0,0.0,0.1,80.0,0.0,0.0,0.0,0.0,0.0,0.0,3.0,0.0,0.0,1.0,0.0,0.0,0.1,0.10000000000000002,1.6027773159076981e-34,1.3877787807814457e-17,1.0,0.0,0.0,15.0,0.0,0.0,15.0,15.0,0.0,9.0,0.0,15.0,15.0,15.0,15.0,15.0,0.0,0.0,25.0,25.0,0.0,5.0,60.0,38.42700004577637,0.0,3.0,55.0,0.0,0.0,0.0,0.0,0.0,2.0,0.0,1.0,0.0,15.0,0.0,0.1,0.10000000000000002,1.6027773159076981e-34,1.3877787807814457e-17,1.0,0.0,0.0,55.0,0.0,0.0,55.0,55.0,1.0,33.0,0.0,55.0,55.0,55.0,55.0,55.0,0.0,0.0,25.0,25.0,0.0,3.0,60.0,38.42700004577637,0.0,2.0,80.0,0.0,0.0,0.0,0.0,0.0,1.0,0.0,3.0,0.0,60.0,0.0,0.1,0.10000000000000002,1.6027773159076981e-34,1.3877787807814457e-17,1.0,0.0,0.0,80.0,0.0,0.0,80.0,80.0,2.0,48.0,0.0,80.0,80.0,80.0,80.0,80.0,0.0,0.0,25.0,25.0,0.0,2.0,60.0,38.42700004577637,0.0,1.0,45.0,0.0,0.0,0.0,0.0,0.0,2.0,0.0,0.0,1.0,0.0,0.0,0.1,0.10000000000000002,1.6027773159076981e-34,1.3877787807814457e-17,1.0,0.0,0.0,65.0,0.0,0.0,65.0,65.0,0.0,39.0,0.0,65.0,65.0,65.0,65.0,65.0,0.0,0.0,25.0,25.0,0.0,4.0,60.0,38.42700004577637,0.0,2.0,80.0
EXP-011,inventory-db,0.0,0.0,0.0,0.26480888888888887,0.17653925925925926,2.0,0.0,4.0,0.3019103116290854,156.88,0.0,0.1,0.10000000000000002,7.986980132146815e-35,1.3877787807814457e-17,0.0,0.0,0.0,92.6656,22.469779326217,-0.1274160289723122,45.0,45.0,1.0,46.06623999999999,47.6656,92.6656,76.77706666666666,92.6656,45.0,92.6656,22.469779326217,18.53662222222222,43.53662222222222,37.35774814814815,0.0,3.0,60.0,38.48899984359741,0.0,0.0,0.0,1.0,0.1,215.0,2.0,26.0,26.0,0.6666666666666666,1.0,0.6666666666666666,1.0,0.0,0.0,1.0,0.0,0.0,0.1,0.10000000000000002,7.986980132146815e-35,1.3877787807814457e-17,1.0,0.0,0.0,215.0,94.28090415820634,-0.5346246726037738,15.0,15.0,0.0,89.0,200.0,215.0,148.33333333333334,215.0,15.0,215.0,94.28090415820634,70.0,95.0,71.66666666666667,1.0,2.0,60.0,6.063999891281128,1.0,3.0,179.0,26.0,26.0,0.6666666666666666,0.5636363636363636,0.37575757575757573,0.0,1.0,1.0,0.5740740740740741,215.0,0.0,0.1,0.10000000000000002,7.986980132146815e-35,1.3877787807814457e-17,1.0,0.0,0.0,179.0,58.45416057808793,-0.3314672970143399,55.0,55.0,1.0,82.6,124.0,179.0,137.66666666666666,179.0,55.0,179.0,58.45416057808794,39.45454545454545,64.45454545454545,51.303030303030305,1.0,1.0,60.0,6.063999891281128,0.0,2.0,156.88,0.0,0.0,0.0,0.24024999999999996,0.16016666666666665,1.0,1.0,3.0,0.625040650406504,122.0,0.0,0.1,0.10000000000000002,7.986980132146815e-35,1.3877787807814457e-17,1.0,0.0,0.0,156.88,36.241579558414514,-0.2055097241488905,80.0,80.0,2.0,78.75199999999998,76.88,156.88,131.2533333333333,156.88,80.0,156.88,36.241579558414514,16.817499999999995,41.817499999999995,36.211666666666666,0.0,4.0,60.0,38.48899984359741,0.0,1.0,92.6656,0.0,0.0,0.0,0.0,0.0,2.0,0.0,0.0,1.0,0.0,0.0,0.1,0.10000000000000002,7.986980132146815e-35,1.3877787807814457e-17,1.0,0.0,0.0,65.0,0.0,0.0,65.0,65.0,0.0,39.0,0.0,65.0,65.0,65.0,65.0,65.0,0.0,0.0,25.0,25.0,0.0,5.0,60.0,38.48899984359741,0.0,2.0,156.88
EXP-012,inventory-db,26.0,26.0,0.6666666666666666,0.5296177777777777,0.3530785185185185,0.0,1.0,4.0,0.40607940023854144,233.76000000000002,0.0,0.1,0.10000000000000002,0.0,1.3877787807814457e-17,0.0,0.0,0.0,140.3312,44.939558652434,-0.7585178863474602,45.0,45.0,1.0,65.13248,95.3312,140.3312,108.55413333333334,140.3312,45.0,140.3312,44.939558652434,37.07324444444444,62.07324444444444,49.715496296296294,1.0,1.0,60.0,5.066999912261963,0.0,0.0,0.0,3.0,0.1,415.0,4.0,26.0,26.0,0.6666666666666666,1.0,0.6666666666666666,3.0,0.0,0.0,1.0,0.0,0.0,0.1,0.10000000000000002,0.0,1.3877787807814457e-17,1.0,0.0,0.0,415.0,188.56180831641268,-3.1826637505767694,15.0,15.0,0.0,169.0,400.0,415.0,281.6666666666667,415.0,15.0,415.0,188.56180831641268,70.0,95.0,71.66666666666667,1.0,4.0,60.0,5.066999912261963,1.0,3.0,303.0,26.0,26.0,0.6666666666666666,1.0,0.6666666666666666,2.0,1.0,1.0,0.5961538461538461,415.0,0.0,0.1,0.10000000000000002,0.0,1.3877787807814457e-17,1.0,0.0,0.0,303.0,116.90832115617586,-1.9732515253575973,55.0,55.0,1.0,132.2,248.0,303.0,220.33333333333334,303.0,55.0,303.0,116.90832115617587,70.0,95.0,71.66666666666667,1.0,3.0,60.0,5.066999912261963,1.0,2.0,233.76000000000002,26.0,26.0,0.6666666666666666,0.48050000000000004,0.32033333333333336,1.0,1.0,3.0,0.8311351351351353,184.0,0.0,0.1,0.10000000000000002,0.0,1.3877787807814457e-17,1.0,0.0,0.0,233.76000000000002,72.48315911682904,-1.2234159457217109,80.0,80.0,2.0,109.504,153.76000000000002,233.76000000000002,182.50666666666666,233.76000000000002,80.0,233.76000000000002,72.48315911682903,33.635000000000005,58.635000000000005,47.42333333333334,1.0,2.0,60.0,5.066999912261963,1.0,1.0,140.3312,0.0,0.0,0.0,0.0,0.0,2.0,0.0,0.0,1.0,0.0,0.0,0.1,0.10000000000000002,0.0,1.3877787807814457e-17,1.0,0.0,0.0,65.0,0.0,0.0,65.0,65.0,0.0,39.0,0.0,65.0,65.0,65.0,65.0,65.0,0.0,0.0,25.0,25.0,0.0,5.0,60.0,38.57599997520447,1.0,2.0,233.76000000000002
EXP-013,inventory-db,26.0,26.0,0.65,0.7944266666666666,0.5163773333333334,0.0,1.0,4.0,0.4588525221409318,310.64,0.0,0.1,0.1,0.0,0.0,0.0,0.0,0.0,187.99679999999998,67.409337978651,-0.7048063344462201,45.0,45.0,1.0,82.76875199999998,142.99679999999998,187.99679999999998,137.94791999999998,187.99679999999998,45.0,187.99679999999998,68.20512659858935,55.60986666666666,80.60986666666666,61.14641333333333,1.0,1.0,60.0,6.086999893188477,0.0,0.0,0.0,3.0,0.1,615.0,4.0,26.0,26.0,0.65,1.0,0.65,3.0,0.0,0.0,1.0,0.0,0.0,0.1,0.1,0.0,0.0,1.0,0.0,0.0,615.0,282.842712474619,-2.9572955525419578,15.0,15.0,0.0,243.0,600.0,615.0,405.0,615.0,15.0,615.0,286.18176042508367,70.0,95.0,70.5,1.0,4.0,60.0,6.086999893188477,1.0,3.0,427.0,26.0,26.0,0.65,1.0,0.65,2.0,1.0,1.0,0.6038961038961039,615.0,0.0,0.1,0.1,0.0,0.0,1.0,0.0,0.0,427.0,175.36248173426378,-1.8335232425760148,55.0,55.0,1.0,178.07999999999998,372.0,427.0,296.8,427.0,55.0,427.0,177.4326914635519,70.0,95.0,70.5,1.0,3.0,60.0,6.086999893188477,1.0,2.0,310.64,26.0,26.0,0.65,0.72075,0.4684875,1.0,1.0,3.0,0.9337651821862347,246.0,0.0,0.1,0.1,0.0,0.0,1.0,0.0,0.0,310.64,108.72473867524354,-1.1367844103971296,80.0,80.0,2.0,137.94959999999998,230.64,310.64,229.916,310.64,80.0,310.64,110.00826870740217,50.4525,75.4525,57.79412500000001,1.0,2.0,60.0,6.086999893188477,1.0,1.0,187.99679999999998,0.0,0.0,0.0,0.0,0.0,2.0,0.0,0.0,1.0,0.0,0.0,0.1,0.1,0.0,0.0,1.0,0.0,0.0,65.0,0.0,0.0,65.0,65.0,0.0,39.0,0.0,65.0,65.0,65.0,65.0,65.0,0.0,0.0,25.0,25.0,0.0,5.0,60.0,39.60199999809265,1.0,2.0,310.64
EXP-014,inventory-db,25.0,25.0,0.6410256410256411,1.0,0.6410256410256411,0.0,1.0,4.0,0.4907402450324307,387.52000000000004,0.0,0.1,0.10000000000000002,-3.7841247960292395e-34,1.3877787807814457e-17,0.0,0.0,0.0,235.66240000000002,89.879117304868,-0.9680960329031449,45.0,45.0,1.0,100.3316923076923,190.6624,235.6624,167.2194871794872,235.6624,45.0,235.6624,91.46068940257022,70.0,95.0,69.87179487179488,1.0,1.0,60.0,6.083999872207642,0.0,0.0,0.0,3.0,0.1,815.0,4.0,25.0,25.0,0.6410256410256411,1.0,0.6410256410256411,3.0,0.0,0.0,1.0,0.0,0.0,0.1,0.10000000000000002,-3.7841247960292395e-34,1.3877787807814457e-17,1.0,0.0,0.0,815.0,377.12361663282536,-4.062032295421205,15.0,15.0,0.0,316.6923076923077,800.0,815.0,527.8205128205128,815.0,15.0,815.0,383.75973197681446,70.0,95.0,69.87179487179488,1.0,4.0,60.0,6.083999872207642,1.0,3.0,551.0,25.0,25.0,0.6410256410256411,1.0,0.6410256410256411,2.0,1.0,1.0,0.6078431372549019,815.0,0.0,0.1,0.10000000000000002,-3.7841247960292395e-34,1.3877787807814457e-17,1.0,0.0,0.0,551.0,233.81664231235172,-2.518460023161147,55.0,55.0,1.0,223.76923076923077,496.0,551.0,372.94871794871796,551.0,55.0,551.0,237.93103382562495,70.0,95.0,69.87179487179488,1.0,3.0,60.0,6.083999872207642,1.0,2.0,387.52000000000004,25.0,25.0,0.6410256410256411,0.9610000000000001,0.616025641025641,1.0,1.0,3.0,0.9952103559870551,308.0,0.0,0.1,0.10000000000000002,-3.7841247960292395e-34,1.3877787807814457e-17,1.0,0.0,0.0,387.52000000000004,144.9663182336581,-1.5614452143599111,80.0,80.0,2.0,166.27692307692308,307.52000000000004,387.52000000000004,277.12820512820514,387.52000000000004,80.0,387.52000000000004,147.5172409718875,67.27000000000001,92.27000000000001,68.12179487179489,1.0,2.0,60.0,6.083999872207642,1.0,1.0,235.6624,0.0,0.0,0.0,0.0,0.0,2.0,0.0,0.0,1.0,0.0,0.0,0.1,0.10000000000000002,-3.7841247960292395e-34,1.3877787807814457e-17,1.0,0.0,0.0,65.0,0.0,0.0,65.0,65.0,0.0,39.0,0.0,65.0,65.0,65.0,65.0,65.0,0.0,0.0,25.0,25.0,0.0,5.0,60.0,38.53699994087219,1.0,2.0,387.52000000000004
EXP-015,inventory-db,26.0,26.0,0.65,1.0,0.65,0.0,1.0,4.0,0.5120928233777395,464.40000000000003,0.0,0.1,0.1,0.0,0.0,0.0,0.0,0.0,283.328,112.348896631085,-1.1729454605563108,45.0,45.0,1.0,119.94791999999998,238.32799999999997,283.328,199.9132,283.328,45.0,283.328,113.6752109976489,70.0,95.0,70.5,1.0,1.0,60.0,6.078999996185303,0.0,0.0,0.0,3.0,0.1,1015.0,4.0,26.0,26.0,0.65,1.0,0.65,3.0,0.0,0.0,1.0,0.0,0.0,0.1,0.1,0.0,0.0,1.0,0.0,0.0,1015.0,471.4045207910317,-4.9215596176542835,15.0,15.0,0.0,399.0,1000.0,1015.0,665.0,1015.0,15.0,1015.0,476.9696007084728,70.0,95.0,70.5,1.0,4.0,60.0,6.078999996185303,1.0,3.0,675.0,26.0,26.0,0.65,1.0,0.65,2.0,1.0,1.0,0.610236220472441,1015.0,0.0,0.1,0.1,0.0,0.0,1.0,0.0,0.0,675.0,292.27080289043965,-3.05136696294566,55.0,55.0,1.0,274.8,620.0,675.0,458.0,675.0,55.0,675.0,295.72115243925316,70.0,95.0,70.5,1.0,3.0,60.0,6.078999996185303,1.0,2.0,464.40000000000003,26.0,26.0,0.65,1.0,0.65,1.0,1.0,3.0,1.0361185983827494,370.0,0.0,0.1,0.1,0.0,0.0,1.0,0.0,0.0,464.40000000000003,181.2078977920726,-1.8918475170263083,80.0,80.0,2.0,197.916,384.40000000000003,464.40000000000003,329.86,464.40000000000003,80.0,464.40000000000003,183.34711451233696,70.0,95.0,70.5,1.0,2.0,60.0,6.078999996185303,1.0,1.0,283.328,0.0,0.0,0.0,0.0,0.0,2.0,0.0,0.0,1.0,0.0,0.0,0.1,0.1,0.0,0.0,1.0,0.0,0.0,65.0,0.0,0.0,65.0,65.0,0.0,39.0,0.0,65.0,65.0,65.0,65.0,65.0,0.0,0.0,25.0,25.0,0.0,5.0,60.0,39.6010000705719,1.0,2.0,464.40000000000003
EXP-016,inventory-db,25.0,25.0,0.6410256410256411,1.0,0.6410256410256411,0.0,1.0,4.0,0.5273910157114405,541.28,0.0,0.1,0.10000000000000002,-1.5933622435201112e-34,1.3877787807814457e-17,0.0,0.0,0.0,330.99359999999996,134.818675957302,-1.4545785714915709,45.0,45.0,1.0,136.99753846153845,285.99359999999996,330.99359999999996,228.32923076923072,330.99359999999996,45.0,330.99359999999996,137.19103410385534,70.0,95.0,69.87179487179488,1.0,1.0,60.0,6.085999965667725,0.0,0.0,0.0,3.0,0.1,1215.0,4.0,25.0,25.0,0.6410256410256411,1.0,0.6410256410256411,3.0,0.0,0.0,1.0,0.0,0.0,0.1,0.10000000000000002,-1.5933622435201112e-34,1.3877787807814457e-17,1.0,0.0,0.0,1215.0,565.685424949238,-6.103263449915964,15.0,15.0,0.0,470.53846153846155,1200.0,1215.0,784.2307692307693,1215.0,15.0,1215.0,575.6395979652217,70.0,95.0,69.87179487179488,1.0,4.0,60.0,6.085999965667725,1.0,3.0,799.0,25.0,25.0,0.6410256410256411,1.0,0.6410256410256411,2.0,1.0,1.0,0.6118421052631579,1215.0,0.0,0.1,0.10000000000000002,-1.5933622435201112e-34,1.3877787807814457e-17,1.0,0.0,0.0,799.0,350.72496346852756,-3.7840233389478954,55.0,55.0,1.0,319.15384615384613,744.0,799.0,531.9230769230769,799.0,55.0,799.0,356.8965507384375,70.0,95.0,69.87179487179488,1.0,3.0,60.0,6.085999965667725,1.0,2.0,541.28,25.0,25.0,0.6410256410256411,1.0,0.6410256410256411,1.0,1.0,3.0,1.065311778290993,432.0,0.0,0.1,0.10000000000000002,-1.5933622435201112e-34,1.3877787807814457e-17,1.0,0.0,0.0,541.28,217.4494773504871,-2.3460944701476953,80.0,80.0,2.0,225.4153846153846,461.28,541.28,375.6923076923077,541.28,80.0,541.28,221.27586145783118,70.0,95.0,69.87179487179488,1.0,2.0,60.0,6.085999965667725,1.0,1.0,330.99359999999996,0.0,0.0,0.0,0.0,0.0,2.0,0.0,0.0,1.0,0.0,0.0,0.1,0.10000000000000002,-1.5933622435201112e-34,1.3877787807814457e-17,1.0,0.0,0.0,65.0,0.0,0.0,65.0,65.0,0.0,39.0,0.0,65.0,65.0,65.0,65.0,65.0,0.0,0.0,25.0,25.0,0.0,5.0,60.0,38.55399990081787,1.0,2.0,541.28
EXP-017,inventory-db,26.0,26.0,0.65,1.0,0.65,0.0,1.0,4.0,0.5436313868613137,656.6,0.0,0.1,0.1,0.0,0.0,0.0,0.0,0.0,402.49199999999996,168.52334494662747,-1.750938878273744,45.0,45.0,1.0,166.42187999999996,357.49199999999996,402.49199999999996,277.36979999999994,402.49199999999996,45.0,402.49199999999996,170.51281649647333,70.0,95.0,70.5,1.0,1.0,60.0,6.087000131607056,0.0,0.0,0.0,3.0,0.1,1515.0,4.0,26.0,26.0,0.65,1.0,0.65,3.0,0.0,0.0,1.0,0.0,0.0,0.1,0.1,0.0,0.0,1.0,0.0,0.0,1515.0,707.1067811865476,-7.346761095103155,15.0,15.0,0.0,594.0,1500.0,1515.0,990.0,1515.0,15.0,1515.0,715.4544010627093,70.0,95.0,70.5,1.0,4.0,60.0,6.087000131607056,1.0,3.0,985.0,26.0,26.0,0.65,1.0,0.65,2.0,1.0,1.0,0.6134564643799473,1515.0,0.0,0.1,0.1,0.0,0.0,1.0,0.0,0.0,985.0,438.4062043356595,-4.554991878963958,55.0,55.0,1.0,395.7,930.0,985.0,659.5,985.0,55.0,985.0,443.58172865887974,70.0,95.0,70.5,1.0,3.0,60.0,6.087000131607056,1.0,2.0,656.6,26.0,26.0,0.65,1.0,0.65,1.0,1.0,3.0,1.0961977186311787,525.0,0.0,0.1,0.1,0.0,0.0,1.0,0.0,0.0,656.6,271.81184668810886,-2.8240949649576543,80.0,80.0,2.0,272.87399999999997,576.6,656.6,454.7900000000001,656.6,80.0,656.6,275.02067176850545,70.0,95.0,70.5,1.0,2.0,60.0,6.087000131607056,1.0,1.0,402.49199999999996,0.0,0.0,0.0,0.0,0.0,2.0,0.0,0.0,1.0,0.0,0.0,0.1,0.1,0.0,0.0,1.0,0.0,0.0,65.0,0.0,0.0,65.0,65.0,0.0,39.0,0.0,65.0,65.0,65.0,65.0,65.0,0.0,0.0,25.0,25.0,0.0,5.0,60.0,39.61899995803833,1.0,2.0,656.6
EXP-018,inventory-db,26.0,26.0,0.6666666666666666,1.0,0.6666666666666666,0.0,1.0,4.0,0.5550256171401955,771.9200000000001,0.0,0.1,0.10000000000000002,-3.981333463432237e-35,1.3877787807814457e-17,0.0,0.0,0.0,473.99039999999997,202.22801393595302,-1.1388366803884014,45.0,45.0,1.0,198.59616,428.99039999999997,473.99039999999997,330.9935999999999,473.99039999999997,45.0,473.99039999999997,202.22801393595296,70.0,95.0,71.66666666666667,1.0,1.0,60.0,6.081000089645386,0.0,0.0,0.0,3.0,0.1,1815.0,4.0,26.0,26.0,0.6666666666666666,1.0,0.6666666666666666,3.0,0.0,0.0,1.0,0.0,0.0,0.1,0.10000000000000002,-3.981333463432237e-35,1.3877787807814457e-17,1.0,0.0,0.0,1815.0,848.5281374238571,-4.778442652094603,15.0,15.0,0.0,729.0,1800.0,1815.0,1215.0,1815.0,15.0,1815.0,848.5281374238571,70.0,95.0,71.66666666666667,1.0,4.0,60.0,6.081000089645386,1.0,3.0,1171.0,26.0,26.0,0.6666666666666666,1.0,0.6666666666666666,2.0,1.0,1.0,0.6145374449339207,1815.0,0.0,0.1,0.10000000000000002,-3.981333463432237e-35,1.3877787807814457e-17,1.0,0.0,0.0,1171.0,526.0874452027914,-2.962634444298642,55.0,55.0,1.0,479.40000000000003,1116.0,1171.0,799.0,1171.0,55.0,1171.0,526.0874452027914,70.0,95.0,71.66666666666667,1.0,3.0,60.0,6.081000089645386,1.0,2.0,771.9200000000001,26.0,26.0,0.6666666666666666,1.0,0.6666666666666666,1.0,1.0,3.0,1.1178029079159937,618.0,0.0,0.1,0.10000000000000002,-3.981333463432237e-35,1.3877787807814457e-17,1.0,0.0,0.0,771.9200000000001,326.1742160257307,-1.8368333554651644,80.0,80.0,2.0,324.76800000000003,691.9200000000001,771.9200000000001,541.2800000000001,771.9200000000001,80.0,771.9200000000001,326.1742160257307,70.0,95.0,71.66666666666667,1.0,2.0,60.0,6.081000089645386,1.0,1.0,473.99039999999997,0.0,0.0,0.0,0.0,0.0,2.0,0.0,0.0,1.0,0.0,0.0,0.1,0.10000000000000002,-3.981333463432237e-35,1.3877787807814457e-17,1.0,0.0,0.0,65.0,0.0,0.0,65.0,65.0,0.0,39.0,0.0,65.0,65.0,65.0,65.0,65.0,0.0,0.0,25.0,25.0,0.0,5.0,60.0,38.563000202178955,1.0,2.0,771.9200000000001
EXP-019,inventory-db,26.0,26.0,0.6666666666666666,1.0,0.6666666666666666,0.0,1.0,4.0,0.5658065351577675,925.6800000000001,0.0,0.1,0.10000000000000002,1.1924509368315215e-34,1.3877787807814457e-17,0.0,0.0,0.0,569.3216,247.167572588387,-4.177233334736408,45.0,45.0,1.0,236.72864,524.3216,569.3216,394.5477333333333,569.3216,45.0,569.3216,247.16757258838697,70.0,95.0,71.66666666666667,1.0,1.0,60.0,5.049999952316284,0.0,0.0,0.0,3.0,0.1,2215.0,4.0,26.0,26.0,0.6666666666666666,1.0,0.6666666666666666,3.0,0.0,0.0,1.0,0.0,0.0,0.1,0.10000000000000002,1.1924509368315215e-34,1.3877787807814457e-17,1.0,0.0,0.0,2215.0,1037.0899457402697,-17.527245370818402,15.0,15.0,0.0,889.0,2200.0,2215.0,1481.6666666666667,2215.0,15.0,2215.0,1037.0899457402697,70.0,95.0,71.66666666666667,1.0,4.0,60.0,5.049999952316284,1.0,3.0,1419.0,26.0,26.0,0.6666666666666666,1.0,0.6666666666666666,2.0,1.0,1.0,0.6155234657039711,2215.0,0.0,0.1,0.10000000000000002,1.1924509368315215e-34,1.3877787807814457e-17,1.0,0.0,0.0,1419.0,642.9957663589672,-10.866892129907411,55.0,55.0,1.0,578.5999999999999,1364.0,1419.0,964.3333333333334,1419.0,55.0,1419.0,642.9957663589673,70.0,95.0,71.66666666666667,1.0,3.0,60.0,5.049999952316284,1.0,2.0,925.6800000000001,26.0,26.0,0.6666666666666666,1.0,0.6666666666666666,1.0,1.0,3.0,1.1381965006729475,742.0,0.0,0.1,0.10000000000000002,1.1924509368315215e-34,1.3877787807814457e-17,1.0,0.0,0.0,925.68,398.6573751425597,-6.737473120542595,80.0,80.0,2.0,386.272,845.6800000000001,925.6800000000001,643.7866666666666,925.6800000000001,80.0,925.6800000000001,398.6573751425597,70.0,95.0,71.66666666666667,1.0,2.0,60.0,5.049999952316284,1.0,1.0,569.3216,0.0,0.0,0.0,0.0,0.0,2.0,0.0,0.0,1.0,0.0,0.0,0.1,0.10000000000000002,1.1924509368315215e-34,1.3877787807814457e-17,1.0,0.0,0.0,65.0,0.0,0.0,65.0,65.0,0.0,39.0,0.0,65.0,65.0,65.0,65.0,65.0,0.0,0.0,25.0,25.0,0.0,5.0,60.0,38.562999963760376,1.0,2.0,925.6800000000001
EXP-020,inventory-db,26.0,26.0,0.65,1.0,0.65,0.0,1.0,4.0,0.5718042226487523,1041.0,0.0,0.1,0.1,0.0,0.0,0.0,0.0,0.0,640.8199999999999,280.8722415777125,-2.9343726824679486,45.0,45.0,1.0,259.36979999999994,595.8199999999999,640.8199999999999,432.283,640.8199999999999,45.0,640.8199999999999,284.18802749412225,70.0,95.0,70.5,1.0,1.0,60.0,6.0920000076293945,0.0,0.0,0.0,3.0,0.1,2515.0,4.0,26.0,26.0,0.65,1.0,0.65,3.0,0.0,0.0,1.0,0.0,0.0,0.1,0.1,0.0,0.0,1.0,0.0,0.0,2515.0,1178.5113019775793,-12.312328733795225,15.0,15.0,0.0,984.0,2500.0,2515.0,1640.0,2515.0,15.0,2515.0,1192.424001771182,70.0,95.0,70.5,1.0,4.0,60.0,6.0920000076293945,1.0,3.0,1605.0,26.0,26.0,0.65,1.0,0.65,2.0,1.0,1.0,0.6160572337042926,2515.0,0.0,0.1,0.1,0.0,0.0,1.0,0.0,0.0,1605.0,730.6770072260991,-7.6336438149530395,55.0,55.0,1.0,637.5,1550.0,1605.0,1062.5,1605.0,55.0,1605.0,739.3028810981328,70.0,95.0,70.5,1.0,3.0,60.0,6.0920000076293945,1.0,2.0,1041.0,26.0,26.0,0.65,1.0,0.65,1.0,1.0,3.0,1.1495215311004785,835.0,0.0,0.1,0.1,0.0,0.0,1.0,0.0,0.0,1041.0,453.0197444801815,-4.732859165270883,80.0,80.0,2.0,422.7900000000001,961.0,1041.0,704.65,1041.0,80.0,1041.0,458.36778628084244,70.0,95.0,70.5,1.0,2.0,60.0,6.0920000076293945,1.0,1.0,640.8199999999999,0.0,0.0,0.0,0.0,0.0,2.0,0.0,0.0,1.0,0.0,0.0,0.1,0.1,0.0,0.0,1.0,0.0,0.0,65.0,0.0,0.0,65.0,65.0,0.0,39.0,0.0,65.0,65.0,65.0,65.0,65.0,0.0,0.0,25.0,25.0,0.0,5.0,60.0,39.61299991607666,1.0,2.0,1041.0
EXP-021,inventory-db,25.0,25.0,0.6410256410256411,0.7944266666666666,0.5092478632478633,0.0,1.0,4.0,0.4588525221409318,310.64,0.0,0.1,0.10000000000000002,-3.982069826564822e-34,1.3877787807814457e-17,0.0,0.0,0.0,187.99679999999998,67.409337978651,-0.7279834119508317,45.0,45.0,1.0,81.99876923076921,142.99679999999998,187.99679999999998,136.66461538461536,187.99679999999998,45.0,187.99679999999998,68.59551705192767,55.60986666666666,80.60986666666666,60.647350427350425,1.0,1.0,60.0,6.085000038146973,0.0,0.0,0.0,3.0,0.1,615.0,4.0,25.0,25.0,0.6410256410256411,1.0,0.6410256410256411,3.0,0.0,0.0,1.0,0.0,0.0,0.1,0.10000000000000002,-3.982069826564822e-34,1.3877787807814457e-17,1.0,0.0,0.0,615.0,282.842712474619,-3.0545442077759737,15.0,15.0,0.0,239.76923076923077,600.0,615.0,399.61538461538464,615.0,15.0,615.0,287.81979898261085,70.0,95.0,69.87179487179488,1.0,4.0,60.0,6.085000038146973,1.0,3.0,427.0,25.0,25.0,0.6410256410256411,1.0,0.6410256410256411,2.0,1.0,1.0,0.6038961038961039,615.0,0.0,0.1,0.10000000000000002,-3.982069826564822e-34,1.3877787807814457e-17,1.0,0.0,0.0,427.0,175.36248173426378,-1.893817408821103,55.0,55.0,1.0,176.07692307692307,372.0,427.0,293.46153846153845,427.0,55.0,427.0,178.44827536921875,70.0,95.0,69.87179487179488,1.0,3.0,60.0,6.085000038146973,1.0,2.0,310.64,25.0,25.0,0.6410256410256411,0.72075,0.4620192307692308,1.0,1.0,3.0,0.9337651821862347,246.0,0.0,0.1,0.10000000000000002,-3.982069826564822e-34,1.3877787807814457e-17,1.0,0.0,0.0,310.64,108.72473867524354,-1.1741667934690838,80.0,80.0,2.0,136.7076923076923,230.64,310.64,227.84615384615384,310.64,80.0,310.64,110.63793072891559,50.4525,75.4525,57.34134615384615,1.0,2.0,60.0,6.085000038146973,1.0,1.0,187.99679999999998,0.0,0.0,0.0,0.0,0.0,2.0,0.0,0.0,1.0,0.0,0.0,0.1,0.10000000000000002,-3.982069826564822e-34,1.3877787807814457e-17,1.0,0.0,0.0,65.0,0.0,0.0,65.0,65.0,0.0,39.0,0.0,65.0,65.0,65.0,65.0,65.0,0.0,0.0,25.0,25.0,0.0,5.0,60.0,38.5310001373291,1.0,2.0,310.64
EXP-022,inventory-db,26.0,26.0,0.65,1.0,0.65,0.0,1.0,4.0,0.5273910157114405,541.28,0.0,0.1,0.1,0.0,0.0,0.0,0.0,0.0,330.99359999999996,134.818675957302,-1.4046899075932913,45.0,45.0,1.0,138.53750399999998,285.99359999999996,330.99359999999996,230.89583999999996,330.99359999999996,45.0,330.99359999999996,136.4102531971787,70.0,95.0,70.5,1.0,1.0,60.0,6.078999996185303,0.0,0.0,0.0,3.0,0.1,1215.0,4.0,26.0,26.0,0.65,1.0,0.65,3.0,0.0,0.0,1.0,0.0,0.0,0.1,0.1,0.0,0.0,1.0,0.0,0.0,1215.0,565.685424949238,-5.893935700351165,15.0,15.0,0.0,477.0,1200.0,1215.0,795.0,1215.0,15.0,1215.0,572.3635208501673,70.0,95.0,70.5,1.0,4.0,60.0,6.078999996185303,1.0,3.0,799.0,26.0,26.0,0.65,1.0,0.65,2.0,1.0,1.0,0.6118421052631579,1215.0,0.0,0.1,0.1,0.0,0.0,1.0,0.0,0.0,799.0,350.72496346852756,-3.654240134217718,55.0,55.0,1.0,323.15999999999997,744.0,799.0,538.6,799.0,55.0,799.0,354.8653829271038,70.0,95.0,70.5,1.0,3.0,60.0,6.078999996185303,1.0,2.0,541.28,26.0,26.0,0.65,1.0,0.65,1.0,1.0,3.0,1.065311778290993,432.0,0.0,0.1,0.1,0.0,0.0,1.0,0.0,0.0,541.28,217.4494773504871,-2.2656288832149865,80.0,80.0,2.0,227.89919999999998,461.28,541.28,379.832,541.28,80.0,541.28,220.01653741480433,70.0,95.0,70.5,1.0,2.0,60.0,6.078999996185303,1.0,1.0,330.99359999999996,0.0,0.0,0.0,0.0,0.0,2.0,0.0,0.0,1.0,0.0,0.0,0.1,0.1,0.0,0.0,1.0,0.0,0.0,65.0,0.0,0.0,65.0,65.0,0.0,39.0,0.0,65.0,65.0,65.0,65.0,65.0,0.0,0.0,25.0,25.0,0.0,5.0,60.0,39.526000022888184,1.0,2.0,541.28
EXP-023,inventory-db,25.0,25.0,0.6410256410256411,0.7944266666666666,0.5092478632478633,0.0,1.0,4.0,0.4588525221409318,310.64,0.0,0.1,0.10000000000000002,-3.589798161267914e-34,1.3877787807814457e-17,0.0,0.0,0.0,187.99679999999998,67.409337978651,-0.7272231446541019,45.0,45.0,1.0,81.99876923076921,142.99679999999998,187.99679999999998,136.66461538461536,187.99679999999998,45.0,187.99679999999998,68.59551705192767,55.60986666666666,80.60986666666666,60.647350427350425,1.0,1.0,60.0,6.080999851226807,0.0,0.0,0.0,3.0,0.1,615.0,4.0,25.0,25.0,0.6410256410256411,1.0,0.6410256410256411,3.0,0.0,0.0,1.0,0.0,0.0,0.1,0.10000000000000002,-3.589798161267914e-34,1.3877787807814457e-17,1.0,0.0,0.0,615.0,282.842712474619,-3.051354203677715,15.0,15.0,0.0,239.76923076923077,600.0,615.0,399.61538461538464,615.0,15.0,615.0,287.81979898261085,70.0,95.0,69.87179487179488,1.0,4.0,60.0,6.080999851226807,1.0,3.0,427.0,25.0,25.0,0.6410256410256411,1.0,0.6410256410256411,2.0,1.0,1.0,0.6038961038961039,615.0,0.0,0.1,0.10000000000000002,-3.589798161267914e-34,1.3877787807814457e-17,1.0,0.0,0.0,427.0,175.36248173426378,-1.8918396062801814,55.0,55.0,1.0,176.07692307692307,372.0,427.0,293.46153846153845,427.0,55.0,427.0,178.44827536921875,70.0,95.0,69.87179487179488,1.0,3.0,60.0,6.080999851226807,1.0,2.0,310.64,25.0,25.0,0.6410256410256411,0.72075,0.4620192307692308,1.0,1.0,3.0,0.9337651821862347,246.0,0.0,0.1,0.10000000000000002,-3.589798161267914e-34,1.3877787807814457e-17,1.0,0.0,0.0,310.64,108.72473867524354,-1.1729405558937134,80.0,80.0,2.0,136.7076923076923,230.64,310.64,227.84615384615384,310.64,80.0,310.64,110.63793072891559,50.4525,75.4525,57.34134615384615,1.0,2.0,60.0,6.080999851226807,1.0,1.0,187.99679999999998,0.0,0.0,0.0,0.0,0.0,2.0,0.0,0.0,1.0,0.0,0.0,0.1,0.10000000000000002,-3.589798161267914e-34,1.3877787807814457e-17,1.0,0.0,0.0,65.0,0.0,0.0,65.0,65.0,0.0,39.0,0.0,65.0,65.0,65.0,65.0,65.0,0.0,0.0,25.0,25.0,0.0,5.0,60.0,38.52199983596802,1.0,2.0,310.64
EXP-024,inventory-db,26.0,26.0,0.65,1.0,0.65,0.0,1.0,4.0,0.5273910157114405,541.28,0.0,0.1,0.1,0.0,0.0,0.0,0.0,0.0,330.99359999999996,134.818675957302,-1.4165355735075953,45.0,45.0,1.0,138.53750399999998,285.99359999999996,330.99359999999996,230.89583999999996,330.99359999999996,45.0,330.99359999999996,136.4102531971787,70.0,95.0,70.5,1.0,1.0,60.0,6.065999984741211,0.0,0.0,0.0,3.0,0.1,1215.0,4.0,26.0,26.0,0.65,1.0,0.65,3.0,0.0,0.0,1.0,0.0,0.0,0.1,0.1,0.0,0.0,1.0,0.0,0.0,1215.0,565.685424949238,-5.94363890733609,15.0,15.0,0.0,477.0,1200.0,1215.0,795.0,1215.0,15.0,1215.0,572.3635208501673,70.0,95.0,70.5,1.0,4.0,60.0,6.065999984741211,1.0,3.0,799.0,26.0,26.0,0.65,1.0,0.65,2.0,1.0,1.0,0.6118421052631579,1215.0,0.0,0.1,0.1,0.0,0.0,1.0,0.0,0.0,799.0,350.72496346852756,-3.6850561225483753,55.0,55.0,1.0,323.15999999999997,744.0,799.0,538.6,799.0,55.0,799.0,354.8653829271038,70.0,95.0,70.5,1.0,3.0,60.0,6.065999984741211,1.0,2.0,541.28,26.0,26.0,0.65,1.0,0.65,1.0,1.0,3.0,1.065311778290993,432.0,0.0,0.1,0.1,0.0,0.0,1.0,0.0,0.0,541.28,217.4494773504871,-2.284734795979993,80.0,80.0,2.0,227.89919999999998,461.28,541.28,379.832,541.28,80.0,541.28,220.01653741480433,70.0,95.0,70.5,1.0,2.0,60.0,6.065999984741211,1.0,1.0,330.99359999999996,0.0,0.0,0.0,0.0,0.0,2.0,0.0,0.0,1.0,0.0,0.0,0.1,0.1,0.0,0.0,1.0,0.0,0.0,65.0,0.0,0.0,65.0,65.0,0.0,39.0,0.0,65.0,65.0,65.0,65.0,65.0,0.0,0.0,25.0,25.0,0.0,5.0,60.0,39.449000120162964,1.0,2.0,541.28
EXP-025,inventory-db,26.0,26.0,0.65,1.0,0.65,0.0,1.0,4.0,0.5120928233777395,464.40000000000003,0.0,0.1,0.1,0.0,0.0,0.0,0.0,0.0,283.328,112.348896631085,-1.163766813166585,45.0,45.0,1.0,119.94791999999998,238.32799999999997,283.328,199.9132,283.328,45.0,283.328,113.6752109976489,70.0,95.0,70.5,1.0,1.0,60.0,6.088000059127808,0.0,0.0,0.0,3.0,0.1,1015.0,4.0,26.0,26.0,0.65,1.0,0.65,3.0,0.0,0.0,1.0,0.0,0.0,0.1,0.1,0.0,0.0,1.0,0.0,0.0,1015.0,471.4045207910317,-4.883046948602705,15.0,15.0,0.0,399.0,1000.0,1015.0,665.0,1015.0,15.0,1015.0,476.9696007084728,70.0,95.0,70.5,1.0,4.0,60.0,6.088000059127808,1.0,3.0,675.0,26.0,26.0,0.65,1.0,0.65,2.0,1.0,1.0,0.610236220472441,1015.0,0.0,0.1,0.1,0.0,0.0,1.0,0.0,0.0,675.0,292.27080289043965,-3.0274891081336763,55.0,55.0,1.0,274.8,620.0,675.0,458.0,675.0,55.0,675.0,295.72115243925316,70.0,95.0,70.5,1.0,3.0,60.0,6.088000059127808,1.0,2.0,464.40000000000003,26.0,26.0,0.65,1.0,0.65,1.0,1.0,3.0,1.0361185983827494,370.0,0.0,0.1,0.1,0.0,0.0,1.0,0.0,0.0,464.40000000000003,181.2078977920726,-1.8770432470428793,80.0,80.0,2.0,197.916,384.40000000000003,464.40000000000003,329.86,464.40000000000003,80.0,464.40000000000003,183.34711451233696,70.0,95.0,70.5,1.0,2.0,60.0,6.088000059127808,1.0,1.0,283.328,0.0,0.0,0.0,0.0,0.0,2.0,0.0,0.0,1.0,0.0,0.0,0.1,0.1,0.0,0.0,1.0,0.0,0.0,65.0,0.0,0.0,65.0,65.0,0.0,39.0,0.0,65.0,65.0,65.0,65.0,65.0,0.0,0.0,25.0,25.0,0.0,5.0,60.0,39.5789999961853,1.0,2.0,464.40000000000003
EXP-026,inventory-db,25.0,25.0,0.6410256410256411,1.0,0.6410256410256411,0.0,1.0,4.0,0.5436313868613137,656.6,0.0,0.1,0.10000000000000002,-7.955671888387092e-35,1.3877787807814457e-17,0.0,0.0,0.0,402.49199999999996,168.52334494662747,-1.8392079383906972,45.0,45.0,1.0,164.49692307692305,357.49199999999996,402.49199999999996,274.16153846153844,402.49199999999996,45.0,402.49199999999996,171.48879262981922,70.0,95.0,69.87179487179488,1.0,1.0,60.0,6.072999954223633,0.0,0.0,0.0,3.0,0.1,1515.0,4.0,25.0,25.0,0.6410256410256411,1.0,0.6410256410256411,3.0,0.0,0.0,1.0,0.0,0.0,0.1,0.10000000000000002,-7.955671888387092e-35,1.3877787807814457e-17,1.0,0.0,0.0,1515.0,707.1067811865476,-7.717129075856373,15.0,15.0,0.0,585.9230769230769,1500.0,1515.0,976.5384615384615,1515.0,15.0,1515.0,719.5494974565271,70.0,95.0,69.87179487179488,1.0,4.0,60.0,6.072999954223633,1.0,3.0,985.0,25.0,25.0,0.6410256410256411,1.0,0.6410256410256411,2.0,1.0,1.0,0.6134564643799473,1515.0,0.0,0.1,0.10000000000000002,-7.955671888387092e-35,1.3877787807814457e-17,1.0,0.0,0.0,985.0,438.4062043356595,-4.784620027030954,55.0,55.0,1.0,390.6923076923077,930.0,985.0,651.1538461538462,985.0,55.0,985.0,446.1206884230468,70.0,95.0,69.87179487179488,1.0,3.0,60.0,6.072999954223633,1.0,2.0,656.6,25.0,25.0,0.6410256410256411,1.0,0.6410256410256411,1.0,1.0,3.0,1.0961977186311787,525.0,0.0,0.1,0.10000000000000002,-7.955671888387092e-35,1.3877787807814457e-17,1.0,0.0,0.0,656.6,271.81184668810886,-2.9664644167591896,80.0,80.0,2.0,269.7692307692308,576.6,656.6,449.61538461538464,656.6,80.0,656.6,276.59482682228906,70.0,95.0,69.87179487179488,1.0,2.0,60.0,6.072999954223633,1.0,1.0,402.49199999999996,0.0,0.0,0.0,0.0,0.0,2.0,0.0,0.0,1.0,0.0,0.0,0.1,0.10000000000000002,-7.955671888387092e-35,1.3877787807814457e-17,1.0,0.0,0.0,65.0,0.0,0.0,65.0,65.0,0.0,39.0,0.0,65.0,65.0,65.0,65.0,65.0,0.0,0.0,25.0,25.0,0.0,5.0,60.0,38.55999994277954,1.0,2.0,656.6
EXP-027,inventory-db,26.0,26.0,0.65,1.0,0.65,0.0,1.0,4.0,0.5550256171401955,771.9200000000001,0.0,0.1,0.1,0.0,0.0,0.0,0.0,0.0,473.99039999999997,202.22801393595302,-2.1051133410579896,45.0,45.0,1.0,194.306256,428.99039999999997,473.99039999999997,323.8437599999999,473.99039999999997,45.0,473.99039999999997,204.61537979576804,70.0,95.0,70.5,1.0,1.0,60.0,6.08899998664856,0.0,0.0,0.0,3.0,0.1,1815.0,4.0,26.0,26.0,0.65,1.0,0.65,3.0,0.0,0.0,1.0,0.0,0.0,0.1,0.1,0.0,0.0,1.0,0.0,0.0,1815.0,848.5281374238571,-8.832841047035974,15.0,15.0,0.0,711.0,1800.0,1815.0,1185.0,1815.0,15.0,1815.0,858.5452812752511,70.0,95.0,70.5,1.0,4.0,60.0,6.08899998664856,1.0,3.0,1171.0,26.0,26.0,0.65,1.0,0.65,2.0,1.0,1.0,0.6145374449339207,1815.0,0.0,0.1,0.1,0.0,0.0,1.0,0.0,0.0,1171.0,526.0874452027914,-5.476361449162302,55.0,55.0,1.0,468.24000000000007,1116.0,1171.0,780.4,1171.0,55.0,1171.0,532.2980743906556,70.0,95.0,70.5,1.0,3.0,60.0,6.08899998664856,1.0,2.0,771.9200000000001,26.0,26.0,0.65,1.0,0.65,1.0,1.0,3.0,1.1178029079159937,618.0,0.0,0.1,0.1,0.0,0.0,1.0,0.0,0.0,771.9200000000001,326.1742160257307,-3.3953440984806273,80.0,80.0,2.0,317.84880000000004,691.9200000000001,771.9200000000001,529.748,771.9200000000001,80.0,771.9200000000001,330.0248061222066,70.0,95.0,70.5,1.0,2.0,60.0,6.08899998664856,1.0,1.0,473.99039999999997,0.0,0.0,0.0,0.0,0.0,2.0,0.0,0.0,1.0,0.0,0.0,0.1,0.1,0.0,0.0,1.0,0.0,0.0,65.0,0.0,0.0,65.0,65.0,0.0,39.0,0.0,65.0,65.0,65.0,65.0,65.0,0.0,0.0,25.0,25.0,0.0,5.0,60.0,39.66799998283386,1.0,2.0,771.9200000000001
EXP-028,inventory-db,25.0,25.0,0.6410256410256411,1.0,0.6410256410256411,0.0,1.0,4.0,0.5718042226487523,1041.0,0.0,0.1,0.10000000000000002,-1.1933363183215637e-34,1.3877787807814457e-17,0.0,0.0,0.0,640.8199999999999,280.8722415777125,-3.041711790646454,45.0,45.0,1.0,256.16153846153844,595.8199999999999,640.8199999999999,426.93589743589746,640.8199999999999,45.0,640.8199999999999,285.81465438303206,70.0,95.0,69.87179487179488,1.0,1.0,60.0,6.101999998092651,0.0,0.0,0.0,3.0,0.1,2515.0,4.0,25.0,25.0,0.6410256410256411,1.0,0.6410256410256411,3.0,0.0,0.0,1.0,0.0,0.0,0.1,0.10000000000000002,-1.1933363183215637e-34,1.3877787807814457e-17,1.0,0.0,0.0,2515.0,1178.5113019775793,-12.762712692786645,15.0,15.0,0.0,970.5384615384615,2500.0,2515.0,1617.5641025641025,2515.0,15.0,2515.0,1199.2491624275453,70.0,95.0,69.87179487179488,1.0,4.0,60.0,6.101999998092651,1.0,3.0,1605.0,25.0,25.0,0.6410256410256411,1.0,0.6410256410256411,2.0,1.0,1.0,0.6160572337042926,2515.0,0.0,0.1,0.10000000000000002,-1.1933363183215637e-34,1.3877787807814457e-17,1.0,0.0,0.0,1605.0,730.6770072260991,-7.912881869527714,55.0,55.0,1.0,629.1538461538462,1550.0,1605.0,1048.5897435897436,1605.0,55.0,1605.0,743.5344807050782,70.0,95.0,69.87179487179488,1.0,3.0,60.0,6.101999998092651,1.0,2.0,1041.0,25.0,25.0,0.6410256410256411,1.0,0.6410256410256411,1.0,1.0,3.0,1.1495215311004785,835.0,0.0,0.1,0.10000000000000002,-1.1933363183215637e-34,1.3877787807814457e-17,1.0,0.0,0.0,1041.0,453.0197444801815,-4.905986759107187,80.0,80.0,2.0,417.61538461538464,961.0,1041.0,696.025641025641,1041.0,80.0,1041.0,460.99137803714837,70.0,95.0,69.87179487179488,1.0,2.0,60.0,6.101999998092651,1.0,1.0,640.8199999999999,0.0,0.0,0.0,0.0,0.0,2.0,0.0,0.0,1.0,0.0,0.0,0.1,0.10000000000000002,-1.1933363183215637e-34,1.3877787807814457e-17,1.0,0.0,0.0,65.0,0.0,0.0,65.0,65.0,0.0,39.0,0.0,65.0,65.0,65.0,65.0,65.0,0.0,0.0,25.0,25.0,0.0,5.0,60.0,38.58899998664856,1.0,2.0,1041.0
EXP-029,inventory-service,26.0,26.0,0.65,0.4271111111111112,0.27762222222222227,0.0,1.0,4.0,0.3750243902439025,204.0,0.0,0.1,0.1,0.0,0.0,0.0,0.0,0.0,121.88000000000001,36.24157955841452,-0.3790840823944357,45.0,45.0,1.0,56.9832,76.88000000000001,121.88000000000001,94.97200000000001,121.88000000000001,45.0,121.88000000000001,36.669422902467396,29.89777777777779,54.89777777777779,44.433555555555564,1.0,1.0,60.0,6.067000150680542,0.0,0.0,0.0,2.0,0.1,255.0,3.0,0.0,0.0,0.0,0.0,0.0,3.0,0.0,0.0,1.0,0.0,0.0,0.1,0.1,0.0,0.0,1.0,0.0,0.0,15.0,0.0,0.0,15.0,15.0,0.0,9.0,0.0,15.0,15.0,15.0,15.0,15.0,0.0,0.0,25.0,25.0,0.0,5.0,60.0,39.55299997329712,1.0,3.0,255.0,26.0,26.0,0.65,0.9090909090909092,0.590909090909091,2.0,0.0,1.0,12.5,15.0,0.0,0.1,0.1,0.0,0.0,1.0,0.0,0.0,255.0,94.28090415820634,-0.9861708699126838,55.0,55.0,1.0,111.0,200.0,255.0,185.0,255.0,55.0,255.0,95.39392014169457,63.63636363636364,88.63636363636364,66.36363636363637,1.0,3.0,60.0,6.067000150680542,1.0,2.0,204.0,26.0,26.0,0.65,0.38749999999999996,0.25187499999999996,1.0,1.0,3.0,0.7701863354037267,160.0,0.0,0.1,0.1,0.0,0.0,1.0,0.0,0.0,204.0,58.45416057808793,-0.6114259393458641,80.0,80.0,2.0,96.35999999999999,124.0,204.0,160.6,204.0,80.0,204.0,59.14423048785063,27.125,52.125,42.63125,1.0,2.0,60.0,6.067000150680542,1.0,1.0,121.88000000000001,0.0,0.0,0.0,0.0,0.0,2.0,0.0,0.0,1.0,0.0,0.0,0.1,0.1,0.0,0.0,1.0,0.0,0.0,65.0,0.0,0.0,65.0,65.0,0.0,39.0,0.0,65.0,65.0,65.0,65.0,65.0,0.0,0.0,25.0,25.0,0.0,4.0,60.0,39.55299997329712,1.0,2.0,204.0
EXP-030,inventory-service,25.0,25.0,0.6410256410256411,0.8542222222222224,0.5475783475783478,0.0,1.0,4.0,0.467355623100304,328.0,0.0,0.1,0.10000000000000002,1.1918630740125684e-34,1.3877787807814457e-17,0.0,0.0,0.0,198.76000000000002,72.48315911682904,-0.7800041846955494,45.0,45.0,1.0,86.13846153846154,153.76000000000002,198.76000000000002,143.56410256410257,198.76000000000002,45.0,198.76000000000002,73.75862048594375,59.79555555555558,84.79555555555558,63.330484330484346,1.0,1.0,60.0,6.0920000076293945,0.0,0.0,0.0,2.0,0.1,455.0,3.0,0.0,0.0,0.0,0.0,0.0,3.0,0.0,0.0,1.0,0.0,0.0,0.1,0.10000000000000002,1.1918630740125684e-34,1.3877787807814457e-17,1.0,0.0,0.0,15.0,0.0,0.0,15.0,15.0,0.0,9.0,0.0,15.0,15.0,15.0,15.0,15.0,0.0,0.0,25.0,25.0,0.0,5.0,60.0,38.59100008010864,1.0,3.0,455.0,25.0,25.0,0.6410256410256411,1.0,0.6410256410256411,2.0,0.0,1.0,25.0,15.0,0.0,0.1,0.10000000000000002,1.1918630740125684e-34,1.3877787807814457e-17,1.0,0.0,0.0,455.0,188.56180831641268,-2.0291472026419077,55.0,55.0,1.0,186.84615384615384,400.0,455.0,311.4102564102564,455.0,55.0,455.0,191.87986598840723,70.0,95.0,69.87179487179488,1.0,3.0,60.0,6.0920000076293945,1.0,2.0,328.0,25.0,25.0,0.6410256410256411,0.7749999999999999,0.4967948717948718,1.0,1.0,3.0,0.9501915708812261,260.0,0.0,0.1,0.10000000000000002,1.1918630740125684e-34,1.3877787807814457e-17,1.0,0.0,0.0,328.0,116.90832115617586,-1.2580712656379827,80.0,80.0,2.0,143.3846153846154,248.0,328.0,238.97435897435898,328.0,80.0,328.0,118.96551691281248,54.25,79.25,59.77564102564103,1.0,2.0,60.0,6.0920000076293945,1.0,1.0,198.76000000000002,0.0,0.0,0.0,0.0,0.0,2.0,0.0,0.0,1.0,0.0,0.0,0.1,0.10000000000000002,1.1918630740125684e-34,1.3877787807814457e-17,1.0,0.0,0.0,65.0,0.0,0.0,65.0,65.0,0.0,39.0,0.0,65.0,65.0,65.0,65.0,65.0,0.0,0.0,25.0,25.0,0.0,4.0,60.0,38.59100008010864,1.0,2.0,328.0
EXP-031,inventory-service,26.0,26.0,0.65,1.0,0.65,0.0,1.0,4.0,0.5091390728476821,452.0,0.0,0.1,0.1,0.0,0.0,0.0,0.0,0.0,275.64,108.72473867524354,-1.1291542967786383,45.0,45.0,1.0,116.94959999999999,230.64,275.64,194.916,275.64,45.0,275.64,110.00826870740217,70.0,95.0,70.5,1.0,1.0,60.0,6.084000110626221,0.0,0.0,0.0,2.0,0.1,655.0,3.0,0.0,0.0,0.0,0.0,0.0,3.0,0.0,0.0,1.0,0.0,0.0,0.1,0.1,0.0,0.0,1.0,0.0,0.0,15.0,0.0,0.0,15.0,15.0,0.0,9.0,0.0,15.0,15.0,15.0,15.0,15.0,0.0,0.0,25.0,25.0,0.0,5.0,60.0,39.58999991416931,1.0,3.0,655.0,26.0,26.0,0.65,1.0,0.65,2.0,0.0,1.0,37.5,15.0,0.0,0.1,0.1,0.0,0.0,1.0,0.0,0.0,655.0,282.842712474619,-2.9374461414636794,55.0,55.0,1.0,267.0,600.0,655.0,445.0,655.0,55.0,655.0,286.18176042508367,70.0,95.0,70.5,1.0,3.0,60.0,6.084000110626221,1.0,2.0,452.0,26.0,26.0,0.65,1.0,0.65,1.0,1.0,3.0,1.0304709141274238,360.0,0.0,0.1,0.1,0.0,0.0,1.0,0.0,0.0,452.0,175.36248173426378,-1.8212166077074805,80.0,80.0,2.0,193.07999999999998,372.0,452.0,321.8,452.0,80.0,452.0,177.4326914635519,70.0,95.0,70.5,1.0,2.0,60.0,6.084000110626221,1.0,1.0,275.64,0.0,0.0,0.0,0.0,0.0,2.0,0.0,0.0,1.0,0.0,0.0,0.1,0.1,0.0,0.0,1.0,0.0,0.0,65.0,0.0,0.0,65.0,65.0,0.0,39.0,0.0,65.0,65.0,65.0,65.0,65.0,0.0,0.0,25.0,25.0,0.0,4.0,60.0,39.58999991416931,1.0,2.0,452.0
EXP-032,inventory-service,25.0,25.0,0.6410256410256411,1.0,0.6410256410256411,0.0,1.0,4.0,0.5329636048526863,576.0,0.0,0.1,0.10000000000000002,-5.364032480655082e-34,1.3877787807814457e-17,0.0,0.0,0.0,352.52000000000004,144.9663182336581,-1.5619032430486288,45.0,45.0,1.0,145.2769230769231,307.52000000000004,352.52000000000004,242.12820512820514,352.52000000000004,45.0,352.52000000000004,147.5172409718875,70.0,95.0,69.87179487179488,1.0,1.0,60.0,6.105000019073486,0.0,0.0,0.0,2.0,0.1,855.0,3.0,0.0,0.0,0.0,0.0,0.0,3.0,0.0,0.0,1.0,0.0,0.0,0.1,0.10000000000000002,-5.364032480655082e-34,1.3877787807814457e-17,1.0,0.0,0.0,15.0,0.0,0.0,15.0,15.0,0.0,9.0,0.0,15.0,15.0,15.0,15.0,15.0,0.0,0.0,25.0,25.0,0.0,5.0,60.0,38.59700012207031,1.0,3.0,855.0,25.0,25.0,0.6410256410256411,1.0,0.6410256410256411,2.0,0.0,1.0,50.0,15.0,0.0,0.1,0.10000000000000002,-5.364032480655082e-34,1.3877787807814457e-17,1.0,0.0,0.0,855.0,377.12361663282536,-4.063223837275306,55.0,55.0,1.0,340.6923076923077,800.0,855.0,567.8205128205128,855.0,55.0,855.0,383.75973197681446,70.0,95.0,69.87179487179488,1.0,3.0,60.0,6.105000019073486,1.0,2.0,576.0,25.0,25.0,0.6410256410256411,1.0,0.6410256410256411,1.0,1.0,3.0,1.0759219088937093,460.0,0.0,0.1,0.10000000000000002,-5.364032480655082e-34,1.3877787807814457e-17,1.0,0.0,0.0,576.0,233.81664231235172,-2.5191987791106913,80.0,80.0,2.0,238.76923076923077,496.0,576.0,397.94871794871796,576.0,80.0,576.0,237.93103382562495,70.0,95.0,69.87179487179488,1.0,2.0,60.0,6.105000019073486,1.0,1.0,352.52000000000004,0.0,0.0,0.0,0.0,0.0,2.0,0.0,0.0,1.0,0.0,0.0,0.1,0.10000000000000002,-5.364032480655082e-34,1.3877787807814457e-17,1.0,0.0,0.0,65.0,0.0,0.0,65.0,65.0,0.0,39.0,0.0,65.0,65.0,65.0,65.0,65.0,0.0,0.0,25.0,25.0,0.0,4.0,60.0,38.59700012207031,1.0,2.0,576.0
EXP-033,inventory-service,26.0,26.0,0.65,1.0,0.65,0.0,1.0,4.0,0.5483594864479315,700.0,0.0,0.1,0.1,0.0,0.0,0.0,0.0,0.0,429.40000000000003,181.2078977920726,-1.8992931616178308,45.0,45.0,1.0,176.916,384.40000000000003,429.40000000000003,294.86,429.40000000000003,45.0,429.40000000000003,183.34711451233696,70.0,95.0,70.5,1.0,1.0,60.0,6.075999975204468,0.0,0.0,0.0,2.0,0.1,1055.0,3.0,0.0,0.0,0.0,0.0,0.0,3.0,0.0,0.0,1.0,0.0,0.0,0.1,0.1,0.0,0.0,1.0,0.0,0.0,15.0,0.0,0.0,15.0,15.0,0.0,9.0,0.0,15.0,15.0,15.0,15.0,15.0,0.0,0.0,25.0,25.0,0.0,5.0,60.0,39.50099992752075,1.0,3.0,1055.0,26.0,26.0,0.65,1.0,0.65,2.0,0.0,1.0,62.5,15.0,0.0,0.1,0.1,0.0,0.0,1.0,0.0,0.0,1055.0,471.4045207910317,-4.940929140525054,55.0,55.0,1.0,423.0,1000.0,1055.0,705.0,1055.0,55.0,1055.0,476.9696007084728,70.0,95.0,70.5,1.0,3.0,60.0,6.075999975204468,1.0,2.0,700.0,26.0,26.0,0.65,1.0,0.65,1.0,1.0,3.0,1.1051693404634582,560.0,0.0,0.1,0.1,0.0,0.0,1.0,0.0,0.0,700.0,292.27080289043965,-3.063376067125535,80.0,80.0,2.0,289.8,620.0,700.0,483.0,700.0,80.0,700.0,295.72115243925316,70.0,95.0,70.5,1.0,2.0,60.0,6.075999975204468,1.0,1.0,429.40000000000003,0.0,0.0,0.0,0.0,0.0,2.0,0.0,0.0,1.0,0.0,0.0,0.1,0.1,0.0,0.0,1.0,0.0,0.0,65.0,0.0,0.0,65.0,65.0,0.0,39.0,0.0,65.0,65.0,65.0,65.0,65.0,0.0,0.0,25.0,25.0,0.0,4.0,60.0,39.50099992752075,1.0,2.0,700.0
EXP-034,inventory-service,26.0,26.0,0.65,1.0,0.65,0.0,1.0,4.0,0.570326409495549,1010.0,0.0,0.1,0.1,0.0,0.0,0.0,0.0,0.0,621.6,271.81184668810886,-2.841795789355222,45.0,45.0,1.0,251.87399999999997,576.6,621.6,419.7900000000001,621.6,45.0,621.6,275.02067176850545,70.0,95.0,70.5,1.0,1.0,60.0,6.08299994468689,0.0,0.0,0.0,2.0,0.1,1555.0,3.0,0.0,0.0,0.0,0.0,0.0,3.0,0.0,0.0,1.0,0.0,0.0,0.1,0.1,0.0,0.0,1.0,0.0,0.0,15.0,0.0,0.0,15.0,15.0,0.0,9.0,0.0,15.0,15.0,15.0,15.0,15.0,0.0,0.0,25.0,25.0,0.0,5.0,60.0,39.569000005722046,1.0,3.0,1555.0,26.0,26.0,0.65,1.0,0.65,2.0,0.0,1.0,93.75,15.0,0.0,0.1,0.1,0.0,0.0,1.0,0.0,0.0,1555.0,707.1067811865476,-7.392809025377789,55.0,55.0,1.0,618.0,1500.0,1555.0,1030.0,1555.0,55.0,1555.0,715.4544010627093,70.0,95.0,70.5,1.0,3.0,60.0,6.08299994468689,1.0,2.0,1010.0,26.0,26.0,0.65,1.0,0.65,1.0,1.0,3.0,1.1467324290998766,810.0,0.0,0.1,0.1,0.0,0.0,1.0,0.0,0.0,1010.0,438.4062043356595,-4.583541595734229,80.0,80.0,2.0,410.7,930.0,1010.0,684.5,1010.0,80.0,1010.0,443.58172865887974,70.0,95.0,70.5,1.0,2.0,60.0,6.08299994468689,1.0,1.0,621.6,0.0,0.0,0.0,0.0,0.0,2.0,0.0,0.0,1.0,0.0,0.0,0.1,0.1,0.0,0.0,1.0,0.0,0.0,65.0,0.0,0.0,65.0,65.0,0.0,39.0,0.0,65.0,65.0,65.0,65.0,65.0,0.0,0.0,25.0,25.0,0.0,4.0,60.0,39.569000005722046,1.0,2.0,1010.0
EXP-035,inventory-service,25.0,25.0,0.6410256410256411,1.0,0.6410256410256411,0.0,1.0,4.0,0.5852456747404845,1444.0,0.0,0.1,0.10000000000000002,-1.591200473873371e-34,1.3877787807814457e-17,0.0,0.0,0.0,890.68,398.6573751425597,-4.298495519421102,45.0,45.0,1.0,352.26153846153846,845.6800000000001,890.6800000000001,587.1025641025641,890.6800000000001,45.0,890.6800000000001,405.6724126726906,70.0,95.0,69.87179487179488,1.0,1.0,60.0,6.08899998664856,0.0,0.0,0.0,2.0,0.1,2255.0,3.0,0.0,0.0,0.0,0.0,0.0,3.0,0.0,0.0,1.0,0.0,0.0,0.1,0.10000000000000002,-1.591200473873371e-34,1.3877787807814457e-17,1.0,0.0,0.0,15.0,0.0,0.0,15.0,15.0,0.0,9.0,0.0,15.0,15.0,15.0,15.0,15.0,0.0,0.0,25.0,25.0,0.0,5.0,60.0,38.56500005722046,1.0,3.0,2255.0,25.0,25.0,0.6410256410256411,1.0,0.6410256410256411,2.0,0.0,1.0,137.5,15.0,0.0,0.1,0.10000000000000002,-1.591200473873371e-34,1.3877787807814457e-17,1.0,0.0,0.0,2255.0,1037.0899457402697,-11.18235046675625,55.0,55.0,1.0,879.1538461538462,2200.0,2255.0,1465.2564102564102,2255.0,55.0,2255.0,1055.33926293624,70.0,95.0,69.87179487179488,1.0,3.0,60.0,6.08899998664856,1.0,2.0,1444.0,25.0,25.0,0.6410256410256411,1.0,0.6410256410256411,1.0,1.0,3.0,1.1748492678725238,1160.0,0.0,0.1,0.10000000000000002,-1.591200473873371e-34,1.3877787807814457e-17,1.0,0.0,0.0,1444.0,642.9957663589672,-6.933057289388876,80.0,80.0,2.0,572.6153846153846,1364.0,1444.0,954.3589743589744,1444.0,80.0,1444.0,654.3103430204687,70.0,95.0,69.87179487179488,1.0,2.0,60.0,6.08899998664856,1.0,1.0,890.6800000000001,0.0,0.0,0.0,0.0,0.0,2.0,0.0,0.0,1.0,0.0,0.0,0.1,0.10000000000000002,-1.591200473873371e-34,1.3877787807814457e-17,1.0,0.0,0.0,65.0,0.0,0.0,65.0,65.0,0.0,39.0,0.0,65.0,65.0,65.0,65.0,65.0,0.0,0.0,25.0,25.0,0.0,4.0,60.0,38.56500005722046,1.0,2.0,1444.0
EXP-036,inventory-service,26.0,26.0,0.65,1.0,0.65,0.0,1.0,4.0,0.5329636048526863,576.0,0.0,0.1,0.1,0.0,0.0,0.0,0.0,0.0,352.52000000000004,144.9663182336581,-1.5062028993179744,45.0,45.0,1.0,146.93280000000001,307.52000000000004,352.52000000000004,244.888,352.52000000000004,45.0,352.52000000000004,146.67769160986958,70.0,95.0,70.5,1.0,1.0,60.0,6.08899998664856,0.0,0.0,0.0,2.0,0.1,855.0,3.0,0.0,0.0,0.0,0.0,0.0,3.0,0.0,0.0,1.0,0.0,0.0,0.1,0.1,0.0,0.0,1.0,0.0,0.0,15.0,0.0,0.0,15.0,15.0,0.0,9.0,0.0,15.0,15.0,15.0,15.0,15.0,0.0,0.0,25.0,25.0,0.0,5.0,60.0,39.585999965667725,1.0,3.0,855.0,26.0,26.0,0.65,1.0,0.65,2.0,0.0,1.0,50.0,15.0,0.0,0.1,0.1,0.0,0.0,1.0,0.0,0.0,855.0,377.12361663282536,-3.9183217984338534,55.0,55.0,1.0,345.0,800.0,855.0,575.0,855.0,55.0,855.0,381.57568056677826,70.0,95.0,70.5,1.0,3.0,60.0,6.08899998664856,1.0,2.0,576.0,26.0,26.0,0.65,1.0,0.65,1.0,1.0,3.0,1.0759219088937093,460.0,0.0,0.1,0.1,0.0,0.0,1.0,0.0,0.0,576.0,233.81664231235172,-2.4293595150289895,80.0,80.0,2.0,241.43999999999997,496.0,576.0,402.4,576.0,80.0,576.0,236.5769219514025,70.0,95.0,70.5,1.0,2.0,60.0,6.08899998664856,1.0,1.0,352.52000000000004,0.0,0.0,0.0,0.0,0.0,2.0,0.0,0.0,1.0,0.0,0.0,0.1,0.1,0.0,0.0,1.0,0.0,0.0,65.0,0.0,0.0,65.0,65.0,0.0,39.0,0.0,65.0,65.0,65.0,65.0,65.0,0.0,0.0,25.0,25.0,0.0,4.0,60.0,39.585999965667725,1.0,2.0,576.0
EXP-037,inventory-service,25.0,25.0,0.6410256410256411,0.4271111111111112,0.2737891737891739,0.0,1.0,4.0,0.3750243902439025,204.0,0.0,0.1,0.10000000000000002,-7.969491341934743e-35,1.3877787807814457e-17,0.0,0.0,0.0,121.88000000000001,36.24157955841452,-0.3914276862693023,45.0,45.0,1.0,56.569230769230764,76.88000000000001,121.88000000000001,94.28205128205128,121.88000000000001,45.0,121.88000000000001,36.879310242971876,29.89777777777779,54.89777777777779,44.16524216524218,1.0,1.0,60.0,6.085999965667725,0.0,0.0,0.0,2.0,0.1,255.0,3.0,0.0,0.0,0.0,0.0,0.0,3.0,0.0,0.0,1.0,0.0,0.0,0.1,0.10000000000000002,-7.969491341934743e-35,1.3877787807814457e-17,1.0,0.0,0.0,15.0,0.0,0.0,15.0,15.0,0.0,9.0,0.0,15.0,15.0,15.0,15.0,15.0,0.0,0.0,25.0,25.0,0.0,5.0,60.0,38.53800010681152,1.0,3.0,255.0,25.0,25.0,0.6410256410256411,0.9090909090909092,0.5827505827505828,2.0,0.0,1.0,12.5,15.0,0.0,0.1,0.10000000000000002,-7.969491341934743e-35,1.3877787807814457e-17,1.0,0.0,0.0,255.0,94.28090415820634,-1.0182822223446995,55.0,55.0,1.0,109.92307692307692,200.0,255.0,183.2051282051282,255.0,55.0,255.0,95.93993299420362,63.63636363636364,88.63636363636364,65.79254079254079,1.0,3.0,60.0,6.085999965667725,1.0,2.0,204.0,25.0,25.0,0.6410256410256411,0.38749999999999996,0.2483974358974359,1.0,1.0,3.0,0.7701863354037267,160.0,0.0,0.1,0.10000000000000002,-7.969491341934743e-35,1.3877787807814457e-17,1.0,0.0,0.0,204.0,58.45416057808793,-0.6313349778537136,80.0,80.0,2.0,95.69230769230768,124.0,204.0,159.48717948717947,204.0,80.0,204.0,59.48275845640625,27.125,52.125,42.38782051282051,1.0,2.0,60.0,6.085999965667725,1.0,1.0,121.88000000000001,0.0,0.0,0.0,0.0,0.0,2.0,0.0,0.0,1.0,0.0,0.0,0.1,0.10000000000000002,-7.969491341934743e-35,1.3877787807814457e-17,1.0,0.0,0.0,65.0,0.0,0.0,65.0,65.0,0.0,39.0,0.0,65.0,65.0,65.0,65.0,65.0,0.0,0.0,25.0,25.0,0.0,4.0,60.0,38.53800010681152,1.0,2.0,204.0
EXP-038,inventory-service,26.0,26.0,0.65,1.0,0.65,0.0,1.0,4.0,0.4915601023017903,390.0,0.0,0.1,0.1,0.0,0.0,0.0,0.0,0.0,237.20000000000002,90.6039488960363,-0.9466509532528005,45.0,45.0,1.0,101.958,192.20000000000002,237.20000000000002,169.93,237.20000000000002,45.0,237.20000000000002,91.67355725616848,70.0,95.0,70.5,1.0,1.0,60.0,6.062000036239624,0.0,0.0,0.0,2.0,0.1,555.0,3.0,0.0,0.0,0.0,0.0,0.0,3.0,0.0,0.0,1.0,0.0,0.0,0.1,0.1,0.0,0.0,1.0,0.0,0.0,15.0,0.0,0.0,15.0,15.0,0.0,9.0,0.0,15.0,15.0,15.0,15.0,15.0,0.0,0.0,25.0,25.0,0.0,5.0,60.0,39.5479998588562,1.0,3.0,555.0,26.0,26.0,0.65,1.0,0.65,2.0,0.0,1.0,31.25,15.0,0.0,0.1,0.1,0.0,0.0,1.0,0.0,0.0,555.0,235.70226039551585,-2.4626715745390224,55.0,55.0,1.0,228.0,500.0,555.0,380.0,555.0,55.0,555.0,238.4848003542364,70.0,95.0,70.5,1.0,3.0,60.0,6.062000036239624,1.0,2.0,390.0,26.0,26.0,0.65,0.96875,0.6296875,1.0,1.0,3.0,0.9967845659163987,310.0,0.0,0.1,0.1,0.0,0.0,1.0,0.0,0.0,390.0,146.13540144521983,-1.526856376214194,80.0,80.0,2.0,168.9,310.0,390.0,281.5,390.0,80.0,390.0,147.86057621962658,67.8125,92.8125,69.078125,1.0,2.0,60.0,6.062000036239624,1.0,1.0,237.20000000000002,0.0,0.0,0.0,0.0,0.0,2.0,0.0,0.0,1.0,0.0,0.0,0.1,0.1,0.0,0.0,1.0,0.0,0.0,65.0,0.0,0.0,65.0,65.0,0.0,39.0,0.0,65.0,65.0,65.0,65.0,65.0,0.0,0.0,25.0,25.0,0.0,4.0,60.0,39.5479998588562,1.0,2.0,390.0
EXP-039,inventory-service,26.0,26.0,0.65,1.0,0.65,0.0,1.0,4.0,0.5329636048526863,576.0,0.0,0.1,0.1,0.0,0.0,0.0,0.0,0.0,352.52000000000004,144.9663182336581,-1.5082412016930655,45.0,45.0,1.0,146.93280000000001,307.52000000000004,352.52000000000004,244.888,352.52000000000004,45.0,352.52000000000004,146.67769160986958,70.0,95.0,70.5,1.0,1.0,60.0,6.072000026702881,0.0,0.0,0.0,2.0,0.1,855.0,3.0,0.0,0.0,0.0,0.0,0.0,3.0,0.0,0.0,1.0,0.0,0.0,0.1,0.1,0.0,0.0,1.0,0.0,0.0,15.0,0.0,0.0,15.0,15.0,0.0,9.0,0.0,15.0,15.0,15.0,15.0,15.0,0.0,0.0,25.0,25.0,0.0,5.0,60.0,39.50699996948242,1.0,3.0,855.0,26.0,26.0,0.65,1.0,0.65,2.0,0.0,1.0,50.0,15.0,0.0,0.1,0.1,0.0,0.0,1.0,0.0,0.0,855.0,377.12361663282536,-3.9236243540402342,55.0,55.0,1.0,345.0,800.0,855.0,575.0,855.0,55.0,855.0,381.57568056677826,70.0,95.0,70.5,1.0,3.0,60.0,6.072000026702881,1.0,2.0,576.0,26.0,26.0,0.65,1.0,0.65,1.0,1.0,3.0,1.0759219088937093,460.0,0.0,0.1,0.1,0.0,0.0,1.0,0.0,0.0,576.0,233.81664231235172,-2.4326470995049454,80.0,80.0,2.0,241.43999999999997,496.0,576.0,402.4,576.0,80.0,576.0,236.5769219514025,70.0,95.0,70.5,1.0,2.0,60.0,6.072000026702881,1.0,1.0,352.52000000000004,0.0,0.0,0.0,0.0,0.0,2.0,0.0,0.0,1.0,0.0,0.0,0.1,0.1,0.0,0.0,1.0,0.0,0.0,65.0,0.0,0.0,65.0,65.0,0.0,39.0,0.0,65.0,65.0,65.0,65.0,65.0,0.0,0.0,25.0,25.0,0.0,4.0,60.0,39.50699996948242,1.0,2.0,576.0
EXP-040,inventory-service,25.0,25.0,0.6410256410256411,1.0,0.6410256410256411,0.0,1.0,4.0,0.5591272727272728,824.0,0.0,0.1,0.10000000000000002,3.979742428974785e-35,1.3877787807814457e-17,0.0,0.0,0.0,506.28000000000003,217.44947735048711,-2.342881999250818,45.0,45.0,1.0,204.41538461538462,461.28000000000003,506.28000000000003,340.6923076923077,506.28000000000003,45.0,506.28000000000003,221.27586145783124,70.0,95.0,69.87179487179488,1.0,1.0,60.0,6.081000089645386,0.0,0.0,0.0,2.0,0.1,1255.0,3.0,0.0,0.0,0.0,0.0,0.0,3.0,0.0,0.0,1.0,0.0,0.0,0.1,0.10000000000000002,3.979742428974785e-35,1.3877787807814457e-17,1.0,0.0,0.0,15.0,0.0,0.0,15.0,15.0,0.0,9.0,0.0,15.0,15.0,15.0,15.0,15.0,0.0,0.0,25.0,25.0,0.0,5.0,60.0,38.562000036239624,1.0,3.0,1255.0,25.0,25.0,0.6410256410256411,1.0,0.6410256410256411,2.0,0.0,1.0,75.0,15.0,0.0,0.1,0.10000000000000002,3.979742428974785e-35,1.3877787807814457e-17,1.0,0.0,0.0,1255.0,565.685424949238,-6.094906345605665,55.0,55.0,1.0,494.53846153846155,1200.0,1255.0,824.2307692307693,1255.0,55.0,1255.0,575.6395979652217,70.0,95.0,69.87179487179488,1.0,3.0,60.0,6.081000089645386,1.0,2.0,824.0,25.0,25.0,0.6410256410256411,1.0,0.6410256410256411,1.0,1.0,3.0,1.1255673222390317,660.0,0.0,0.1,0.10000000000000002,3.979742428974785e-35,1.3877787807814457e-17,1.0,0.0,0.0,824.0,350.72496346852756,-3.7788419342755137,80.0,80.0,2.0,334.15384615384613,744.0,824.0,556.9230769230769,824.0,80.0,824.0,356.8965507384375,70.0,95.0,69.87179487179488,1.0,2.0,60.0,6.081000089645386,1.0,1.0,506.28000000000003,0.0,0.0,0.0,0.0,0.0,2.0,0.0,0.0,1.0,0.0,0.0,0.1,0.10000000000000002,3.979742428974785e-35,1.3877787807814457e-17,1.0,0.0,0.0,65.0,0.0,0.0,65.0,65.0,0.0,39.0,0.0,65.0,65.0,65.0,65.0,65.0,0.0,0.0,25.0,25.0,0.0,4.0,60.0,38.562000036239624,1.0,2.0,824.0
EXP-041,inventory-service,26.0,26.0,0.65,1.0,0.65,0.0,1.0,4.0,0.5780451127819549,1196.0,0.0,0.1,0.1,0.0,0.0,0.0,0.0,0.0,736.9200000000001,326.1742160257307,-3.4149997595806387,45.0,45.0,1.0,296.84880000000004,691.9200000000001,736.9200000000001,494.74800000000005,736.9200000000001,45.0,736.9200000000001,330.0248061222066,70.0,95.0,70.5,1.0,1.0,60.0,6.078000068664551,0.0,0.0,0.0,2.0,0.1,1855.0,3.0,0.0,0.0,0.0,0.0,0.0,3.0,0.0,0.0,1.0,0.0,0.0,0.1,0.1,0.0,0.0,1.0,0.0,0.0,15.0,0.0,0.0,15.0,15.0,0.0,9.0,0.0,15.0,15.0,15.0,15.0,15.0,0.0,0.0,25.0,25.0,0.0,5.0,60.0,39.65000009536743,1.0,3.0,1855.0,26.0,26.0,0.65,1.0,0.65,2.0,0.0,1.0,112.5,15.0,0.0,0.1,0.1,0.0,0.0,1.0,0.0,0.0,1855.0,848.5281374238571,-8.883974400573983,55.0,55.0,1.0,735.0,1800.0,1855.0,1225.0,1855.0,55.0,1855.0,858.5452812752511,70.0,95.0,70.5,1.0,3.0,60.0,6.078000068664551,1.0,2.0,1196.0,26.0,26.0,0.65,1.0,0.65,1.0,1.0,3.0,1.1612903225806452,960.0,0.0,0.1,0.1,0.0,0.0,1.0,0.0,0.0,1196.0,526.0874452027914,-5.508064128355868,80.0,80.0,2.0,483.24000000000007,1116.0,1196.0,805.4,1196.0,80.0,1196.0,532.2980743906556,70.0,95.0,70.5,1.0,2.0,60.0,6.078000068664551,1.0,1.0,736.9200000000001,0.0,0.0,0.0,0.0,0.0,2.0,0.0,0.0,1.0,0.0,0.0,0.1,0.1,0.0,0.0,1.0,0.0,0.0,65.0,0.0,0.0,65.0,65.0,0.0,39.0,0.0,65.0,65.0,65.0,65.0,65.0,0.0,0.0,25.0,25.0,0.0,4.0,60.0,39.65000009536743,1.0,2.0,1196.0
EXP-042,inventory-service,25.0,25.0,0.6410256410256411,1.0,0.6410256410256411,0.0,1.0,4.0,0.5892090741876149,1630.0,0.0,0.1,0.10000000000000002,-4.565376035128823e-34,1.3877787807814457e-17,0.0,0.0,0.0,1006.0,453.0197444801815,-4.894860044217271,45.0,45.0,1.0,396.61538461538464,961.0,1006.0,661.025641025641,1006.0,45.0,1006.0,460.99137803714837,70.0,95.0,69.87179487179488,1.0,1.0,60.0,6.088000059127808,0.0,0.0,0.0,2.0,0.1,2555.0,3.0,0.0,0.0,0.0,0.0,0.0,3.0,0.0,0.0,1.0,0.0,0.0,0.1,0.10000000000000002,-4.565376035128823e-34,1.3877787807814457e-17,1.0,0.0,0.0,15.0,0.0,0.0,15.0,15.0,0.0,9.0,0.0,15.0,15.0,15.0,15.0,15.0,0.0,0.0,25.0,25.0,0.0,5.0,60.0,38.61500000953674,1.0,3.0,2555.0,25.0,25.0,0.6410256410256411,1.0,0.6410256410256411,2.0,0.0,1.0,156.25,15.0,0.0,0.1,0.10000000000000002,-4.565376035128823e-34,1.3877787807814457e-17,1.0,0.0,0.0,2555.0,1178.5113019775793,-12.73376702449862,55.0,55.0,1.0,994.5384615384615,2500.0,2555.0,1657.5641025641025,2555.0,55.0,2555.0,1199.2491624275453,70.0,95.0,69.87179487179488,1.0,3.0,60.0,6.088000059127808,1.0,2.0,1630.0,25.0,25.0,0.6410256410256411,1.0,0.6410256410256411,1.0,1.0,3.0,1.1823035850495804,1310.0,0.0,0.1,0.10000000000000002,-4.565376035128823e-34,1.3877787807814457e-17,1.0,0.0,0.0,1630.0,730.6770072260991,-7.894935555189142,80.0,80.0,2.0,644.1538461538462,1550.0,1630.0,1073.5897435897436,1630.0,80.0,1630.0,743.5344807050782,70.0,95.0,69.87179487179488,1.0,2.0,60.0,6.088000059127808,1.0,1.0,1006.0,0.0,0.0,0.0,0.0,0.0,2.0,0.0,0.0,1.0,0.0,0.0,0.1,0.10000000000000002,-4.565376035128823e-34,1.3877787807814457e-17,1.0,0.0,0.0,65.0,0.0,0.0,65.0,65.0,0.0,39.0,0.0,65.0,65.0,65.0,65.0,65.0,0.0,0.0,25.0,25.0,0.0,4.0,60.0,38.61500000953674,1.0,2.0,1630.0
EXP-043,inventory-service,26.0,26.0,0.65,0.345,0.22424999999999998,0.0,1.0,4.0,0.0,80.0,17.15,17.25,11.247499999999999,-0.08406201277584018,8.180028652150309,0.0,0.0,0.0,45.0,0.0,0.0,45.0,45.0,1.0,27.0,0.0,45.0,45.0,45.0,45.0,45.0,0.0,24.15,49.15,40.697500000000005,1.0,1.0,60.0,6.073999881744385,0.0,0.0,0.0,2.0,35.1,80.0,3.0,0.0,0.0,0.0,0.0,0.0,3.0,0.0,0.0,1.0,0.0,0.0,0.1,0.1,0.0,0.0,1.0,0.0,0.0,15.0,0.0,0.0,15.0,15.0,0.0,9.0,0.0,15.0,15.0,15.0,15.0,15.0,0.0,0.0,25.0,25.0,0.0,5.0,60.0,39.62100005149841,1.0,3.0,55.0,26.0,26.0,0.65,0.7020000000000001,0.45630000000000004,2.0,0.0,1.0,0.0,15.0,35.0,35.1,22.85,-0.1715551281139596,16.69393602479655,1.0,0.0,0.0,55.0,0.0,0.0,55.0,55.0,1.0,33.0,0.0,55.0,55.0,55.0,55.0,55.0,0.0,49.140000000000015,74.14000000000001,56.94100000000001,1.0,3.0,60.0,6.073999881744385,1.0,2.0,80.0,26.0,26.0,0.65,0.49200000000000005,0.31980000000000003,1.0,1.0,3.0,0.0,60.0,24.5,24.6,16.025,-0.12008858967977167,11.685755217357586,1.0,0.0,0.0,80.0,0.0,0.0,80.0,80.0,2.0,48.0,0.0,80.0,80.0,80.0,80.0,80.0,0.0,34.440000000000005,59.440000000000005,47.386,1.0,2.0,60.0,6.073999881744385,1.0,1.0,45.0,0.0,0.0,0.0,0.0,0.0,2.0,0.0,0.0,1.0,0.0,0.0,0.1,0.1,0.0,0.0,1.0,0.0,0.0,65.0,0.0,0.0,65.0,65.0,0.0,39.0,0.0,65.0,65.0,65.0,65.0,65.0,0.0,0.0,25.0,25.0,0.0,4.0,60.0,39.62100005149841,1.0,2.0,80.0
EXP-044,inventory-service,25.0,25.0,0.6410256410256411,0.345,0.22115384615384615,0.0,1.0,4.0,0.0,80.0,17.15,17.25,11.09358974358975,-0.08725266234257856,8.226849254252961,0.0,0.0,0.0,45.0,0.0,0.0,45.0,45.0,1.0,27.0,0.0,45.0,45.0,45.0,45.0,45.0,0.0,24.15,49.15,40.48076923076923,1.0,1.0,60.0,6.08899998664856,0.0,0.0,0.0,2.0,35.1,80.0,3.0,0.0,0.0,0.0,0.0,0.0,3.0,0.0,0.0,1.0,0.0,0.0,0.1,0.10000000000000002,-3.9922584550927464e-35,1.3877787807814457e-17,1.0,0.0,0.0,15.0,0.0,0.0,15.0,15.0,0.0,9.0,0.0,15.0,15.0,15.0,15.0,15.0,0.0,0.0,25.0,25.0,0.0,5.0,60.0,38.50499987602234,1.0,3.0,55.0,25.0,25.0,0.6410256410256411,0.7020000000000001,0.4500000000000001,2.0,0.0,1.0,0.0,15.0,35.0,35.1,22.535897435897443,-0.17806665784199702,16.789488273985633,1.0,0.0,0.0,55.0,0.0,0.0,55.0,55.0,1.0,33.0,0.0,55.0,55.0,55.0,55.0,55.0,0.0,49.140000000000015,74.14000000000001,56.500000000000014,1.0,3.0,60.0,6.08899998664856,1.0,2.0,80.0,25.0,25.0,0.6410256410256411,0.49200000000000005,0.31538461538461543,1.0,1.0,3.0,0.0,60.0,24.5,24.6,15.805128205128211,-0.12464666048939795,11.752641791789944,1.0,0.0,0.0,80.0,0.0,0.0,80.0,80.0,2.0,48.0,0.0,80.0,80.0,80.0,80.0,80.0,0.0,34.440000000000005,59.440000000000005,47.07692307692308,1.0,2.0,60.0,6.08899998664856,1.0,1.0,45.0,0.0,0.0,0.0,0.0,0.0,2.0,0.0,0.0,1.0,0.0,0.0,0.1,0.10000000000000002,-3.9922584550927464e-35,1.3877787807814457e-17,1.0,0.0,0.0,65.0,0.0,0.0,65.0,65.0,0.0,39.0,0.0,65.0,65.0,65.0,65.0,65.0,0.0,0.0,25.0,25.0,0.0,4.0,60.0,38.50499987602234,1.0,2.0,80.0
EXP-045,inventory-service,26.0,26.0,0.65,0.345,0.22424999999999998,0.0,1.0,4.0,0.0,80.0,17.15,17.25,11.247499999999999,-0.08480233433567233,8.180028652150309,0.0,0.0,0.0,45.0,0.0,0.0,45.0,45.0,1.0,27.0,0.0,45.0,45.0,45.0,45.0,45.0,0.0,24.15,49.15,40.697500000000005,1.0,1.0,60.0,6.066999912261963,0.0,0.0,0.0,2.0,35.1,80.0,3.0,0.0,0.0,0.0,0.0,0.0,3.0,0.0,0.0,1.0,0.0,0.0,0.1,0.1,0.0,0.0,1.0,0.0,0.0,15.0,0.0,0.0,15.0,15.0,0.0,9.0,0.0,15.0,15.0,15.0,15.0,15.0,0.0,0.0,25.0,25.0,0.0,5.0,60.0,39.45700001716614,1.0,3.0,55.0,26.0,26.0,0.65,0.7020000000000001,0.45630000000000004,2.0,0.0,1.0,0.0,15.0,35.0,35.1,22.85,-0.1730659884401479,16.69393602479655,1.0,0.0,0.0,55.0,0.0,0.0,55.0,55.0,1.0,33.0,0.0,55.0,55.0,55.0,55.0,55.0,0.0,49.140000000000015,74.14000000000001,56.94100000000001,1.0,3.0,60.0,6.066999912261963,1.0,2.0,80.0,26.0,26.0,0.65,0.49200000000000005,0.31980000000000003,1.0,1.0,3.0,0.0,60.0,24.5,24.6,16.025,-0.12114619190810334,11.685755217357586,1.0,0.0,0.0,80.0,0.0,0.0,80.0,80.0,2.0,48.0,0.0,80.0,80.0,80.0,80.0,80.0,0.0,34.440000000000005,59.440000000000005,47.386,1.0,2.0,60.0,6.066999912261963,1.0,1.0,45.0,0.0,0.0,0.0,0.0,0.0,2.0,0.0,0.0,1.0,0.0,0.0,0.1,0.1,0.0,0.0,1.0,0.0,0.0,65.0,0.0,0.0,65.0,65.0,0.0,39.0,0.0,65.0,65.0,65.0,65.0,65.0,0.0,0.0,25.0,25.0,0.0,4.0,60.0,39.45700001716614,1.0,2.0,80.0
EXP-046,order-service,26.0,26.0,0.65,0.6888888888888889,0.4477777777777778,0.0,1.0,4.0,0.4412811387900356,280.0,0.0,0.1,0.1,0.0,0.0,0.0,0.0,0.0,169.0,58.45416057808793,-0.6078196527864492,45.0,45.0,1.0,75.35999999999999,124.0,169.0,125.6,169.0,45.0,169.0,59.14423048785063,48.22222222222223,73.22222222222223,56.344444444444456,1.0,1.0,60.0,6.0940001010894775,0.0,0.0,0.0,1.0,0.1,280.0,2.0,0.0,0.0,0.0,0.0,0.0,3.0,0.0,0.0,1.0,0.0,0.0,0.1,0.1,0.0,0.0,1.0,0.0,0.0,15.0,0.0,0.0,15.0,15.0,0.0,9.0,0.0,15.0,15.0,15.0,15.0,15.0,0.0,0.0,25.0,25.0,0.0,5.0,60.0,39.609999895095825,0.0,3.0,55.0,0.0,0.0,0.0,0.0,0.0,2.0,0.0,1.0,0.0,15.0,0.0,0.1,0.1,0.0,0.0,1.0,0.0,0.0,55.0,0.0,0.0,55.0,55.0,1.0,33.0,0.0,55.0,55.0,55.0,55.0,55.0,0.0,0.0,25.0,25.0,0.0,3.0,60.0,39.609999895095825,1.0,2.0,280.0,26.0,26.0,0.65,0.625,0.40625,1.0,0.0,3.0,3.278688524590164,60.0,0.0,0.1,0.1,0.0,0.0,1.0,0.0,0.0,280.0,94.28090415820634,-0.9803542786878214,80.0,80.0,2.0,126.0,200.0,280.0,210.0,280.0,80.0,280.0,95.39392014169457,43.75,68.75,53.4375,1.0,2.0,60.0,6.0940001010894775,1.0,1.0,169.0,0.0,0.0,0.0,0.0,0.0,2.0,0.0,0.0,1.0,0.0,0.0,0.1,0.1,0.0,0.0,1.0,0.0,0.0,65.0,0.0,0.0,65.0,65.0,0.0,39.0,0.0,65.0,65.0,65.0,65.0,65.0,0.0,0.0,25.0,25.0,0.0,4.0,60.0,39.609999895095825,1.0,2.0,280.0
EXP-047,order-service,25.0,25.0,0.6410256410256411,1.0,0.6410256410256411,0.0,1.0,4.0,0.5155925155925156,480.0,0.0,0.1,0.10000000000000002,-1.1929213135315914e-34,1.3877787807814457e-17,0.0,0.0,0.0,293.0,116.90832115617586,-1.2645912481120878,45.0,45.0,1.0,122.38461538461539,248.0,293.0,203.97435897435898,293.0,45.0,293.0,118.96551691281248,70.0,95.0,69.87179487179488,1.0,1.0,60.0,6.083000183105469,0.0,0.0,0.0,1.0,0.1,480.0,2.0,0.0,0.0,0.0,0.0,0.0,3.0,0.0,0.0,1.0,0.0,0.0,0.1,0.10000000000000002,-1.1929213135315914e-34,1.3877787807814457e-17,1.0,0.0,0.0,15.0,0.0,0.0,15.0,15.0,0.0,9.0,0.0,15.0,15.0,15.0,15.0,15.0,0.0,0.0,25.0,25.0,0.0,5.0,60.0,38.57300019264221,0.0,3.0,55.0,0.0,0.0,0.0,0.0,0.0,2.0,0.0,1.0,0.0,15.0,0.0,0.1,0.10000000000000002,-1.1929213135315914e-34,1.3877787807814457e-17,1.0,0.0,0.0,55.0,0.0,0.0,55.0,55.0,1.0,33.0,0.0,55.0,55.0,55.0,55.0,55.0,0.0,0.0,25.0,25.0,0.0,3.0,60.0,38.57300019264221,1.0,2.0,480.0,25.0,25.0,0.6410256410256411,1.0,0.6410256410256411,1.0,0.0,3.0,6.557377049180328,60.0,0.0,0.1,0.10000000000000002,-1.1929213135315914e-34,1.3877787807814457e-17,1.0,0.0,0.0,480.0,188.56180831641268,-2.0396633034065936,80.0,80.0,2.0,201.84615384615384,400.0,480.0,336.4102564102564,480.0,80.0,480.0,191.87986598840723,70.0,95.0,69.87179487179488,1.0,2.0,60.0,6.083000183105469,1.0,1.0,293.0,0.0,0.0,0.0,0.0,0.0,2.0,0.0,0.0,1.0,0.0,0.0,0.1,0.10000000000000002,-1.1929213135315914e-34,1.3877787807814457e-17,1.0,0.0,0.0,65.0,0.0,0.0,65.0,65.0,0.0,39.0,0.0,65.0,65.0,65.0,65.0,65.0,0.0,0.0,25.0,25.0,0.0,4.0,60.0,38.57300019264221,1.0,2.0,480.0
EXP-048,order-service,26.0,26.0,0.65,1.0,0.65,0.0,1.0,4.0,0.5462555066079295,680.0,0.0,0.1,0.1,0.0,0.0,0.0,0.0,0.0,417.0,175.36248173426378,-1.821758800087773,45.0,45.0,1.0,172.07999999999998,372.0,417.0,286.8,417.0,45.0,417.0,177.4326914635519,70.0,95.0,70.5,1.0,1.0,60.0,6.0909998416900635,0.0,0.0,0.0,1.0,0.1,680.0,2.0,0.0,0.0,0.0,0.0,0.0,3.0,0.0,0.0,1.0,0.0,0.0,0.1,0.1,0.0,0.0,1.0,0.0,0.0,15.0,0.0,0.0,15.0,15.0,0.0,9.0,0.0,15.0,15.0,15.0,15.0,15.0,0.0,0.0,25.0,25.0,0.0,5.0,60.0,39.5699999332428,0.0,3.0,55.0,0.0,0.0,0.0,0.0,0.0,2.0,0.0,1.0,0.0,15.0,0.0,0.1,0.1,0.0,0.0,1.0,0.0,0.0,55.0,0.0,0.0,55.0,55.0,1.0,33.0,0.0,55.0,55.0,55.0,55.0,55.0,0.0,0.0,25.0,25.0,0.0,3.0,60.0,39.5699999332428,1.0,2.0,680.0,26.0,26.0,0.65,1.0,0.65,1.0,0.0,3.0,9.836065573770492,60.0,0.0,0.1,0.1,0.0,0.0,1.0,0.0,0.0,680.0,282.842712474619,-2.938320645302862,80.0,80.0,2.0,282.0,600.0,680.0,470.0,680.0,80.0,680.0,286.18176042508367,70.0,95.0,70.5,1.0,2.0,60.0,6.0909998416900635,1.0,1.0,417.0,0.0,0.0,0.0,0.0,0.0,2.0,0.0,0.0,1.0,0.0,0.0,0.1,0.1,0.0,0.0,1.0,0.0,0.0,65.0,0.0,0.0,65.0,65.0,0.0,39.0,0.0,65.0,65.0,65.0,65.0,65.0,0.0,0.0,25.0,25.0,0.0,4.0,60.0,39.5699999332428,1.0,2.0,680.0
EXP-049,order-service,25.0,25.0,0.6410256410256411,1.0,0.6410256410256411,0.0,1.0,4.0,0.5660580021482277,930.0,0.0,0.1,0.10000000000000002,2.9792952184785754e-34,1.3877787807814457e-17,0.0,0.0,0.0,572.0,248.43018245687372,-2.697817488047894,45.0,45.0,1.0,229.69230769230768,527.0,572.0,382.8205128205128,572.0,45.0,572.0,252.8017234397266,70.0,95.0,69.87179487179488,1.0,1.0,60.0,6.072999954223633,0.0,0.0,0.0,1.0,0.1,930.0,2.0,0.0,0.0,0.0,0.0,0.0,3.0,0.0,0.0,1.0,0.0,0.0,0.1,0.10000000000000002,2.9792952184785754e-34,1.3877787807814457e-17,1.0,0.0,0.0,15.0,0.0,0.0,15.0,15.0,0.0,9.0,0.0,15.0,15.0,15.0,15.0,15.0,0.0,0.0,25.0,25.0,0.0,5.0,60.0,38.5789999961853,0.0,3.0,55.0,0.0,0.0,0.0,0.0,0.0,2.0,0.0,1.0,0.0,15.0,0.0,0.1,0.10000000000000002,2.9792952184785754e-34,1.3877787807814457e-17,1.0,0.0,0.0,55.0,0.0,0.0,55.0,55.0,1.0,33.0,0.0,55.0,55.0,55.0,55.0,55.0,0.0,0.0,25.0,25.0,0.0,3.0,60.0,38.5789999961853,1.0,2.0,930.0,25.0,25.0,0.6410256410256411,1.0,0.6410256410256411,1.0,0.0,3.0,13.934426229508198,60.0,0.0,0.1,0.10000000000000002,2.9792952184785754e-34,1.3877787807814457e-17,1.0,0.0,0.0,930.0,400.693842672377,-4.351318529109506,80.0,80.0,2.0,374.9230769230769,850.0,930.0,624.8717948717949,930.0,80.0,930.0,407.7447152253654,70.0,95.0,69.87179487179488,1.0,2.0,60.0,6.072999954223633,1.0,1.0,572.0,0.0,0.0,0.0,0.0,0.0,2.0,0.0,0.0,1.0,0.0,0.0,0.1,0.10000000000000002,2.9792952184785754e-34,1.3877787807814457e-17,1.0,0.0,0.0,65.0,0.0,0.0,65.0,65.0,0.0,39.0,0.0,65.0,65.0,65.0,65.0,65.0,0.0,0.0,25.0,25.0,0.0,4.0,60.0,38.5789999961853,1.0,2.0,930.0
EXP-050,order-service,26.0,26.0,0.65,1.0,0.65,0.0,1.0,4.0,0.5735430157261795,1080.0,0.0,0.1,0.1,0.0,0.0,0.0,0.0,0.0,665.0,292.27080289043965,-3.0456984409951957,45.0,45.0,1.0,268.8,620.0,665.0,448.0,665.0,45.0,665.0,295.72115243925316,70.0,95.0,70.5,1.0,1.0,60.0,6.083999872207642,0.0,0.0,0.0,1.0,0.1,1080.0,2.0,0.0,0.0,0.0,0.0,0.0,3.0,0.0,0.0,1.0,0.0,0.0,0.1,0.1,0.0,0.0,1.0,0.0,0.0,15.0,0.0,0.0,15.0,15.0,0.0,9.0,0.0,15.0,15.0,15.0,15.0,15.0,0.0,0.0,25.0,25.0,0.0,5.0,60.0,39.61999988555908,0.0,3.0,55.0,0.0,0.0,0.0,0.0,0.0,2.0,0.0,1.0,0.0,15.0,0.0,0.1,0.1,0.0,0.0,1.0,0.0,0.0,55.0,0.0,0.0,55.0,55.0,1.0,33.0,0.0,55.0,55.0,55.0,55.0,55.0,0.0,0.0,25.0,25.0,0.0,3.0,60.0,39.61999988555908,1.0,2.0,1080.0,26.0,26.0,0.65,1.0,0.65,1.0,0.0,3.0,16.39344262295082,60.0,0.0,0.1,0.1,0.0,0.0,1.0,0.0,0.0,1080.0,471.4045207910317,-4.912416840314834,80.0,80.0,2.0,438.0,1000.0,1080.0,730.0,1080.0,80.0,1080.0,476.9696007084728,70.0,95.0,70.5,1.0,2.0,60.0,6.083999872207642,1.0,1.0,665.0,0.0,0.0,0.0,0.0,0.0,2.0,0.0,0.0,1.0,0.0,0.0,0.1,0.1,0.0,0.0,1.0,0.0,0.0,65.0,0.0,0.0,65.0,65.0,0.0,39.0,0.0,65.0,65.0,65.0,65.0,65.0,0.0,0.0,25.0,25.0,0.0,4.0,60.0,39.61999988555908,1.0,2.0,1080.0
EXP-051,order-service,25.0,25.0,0.6410256410256411,1.0,0.6410256410256411,0.0,1.0,4.0,0.5807962529274004,1280.0,0.0,0.1,0.10000000000000002,1.1922171548068537e-34,1.3877787807814457e-17,0.0,0.0,0.0,789.0,350.72496346852756,-3.7832847590728313,45.0,45.0,1.0,313.15384615384613,744.0,789.0,521.9230769230769,789.0,45.0,789.0,356.8965507384375,70.0,95.0,69.87179487179488,1.0,1.0,60.0,6.08899998664856,0.0,0.0,0.0,1.0,0.1,1280.0,2.0,0.0,0.0,0.0,0.0,0.0,3.0,0.0,0.0,1.0,0.0,0.0,0.1,0.10000000000000002,1.1922171548068537e-34,1.3877787807814457e-17,1.0,0.0,0.0,15.0,0.0,0.0,15.0,15.0,0.0,9.0,0.0,15.0,15.0,15.0,15.0,15.0,0.0,0.0,25.0,25.0,0.0,5.0,60.0,38.58400011062622,0.0,3.0,55.0,0.0,0.0,0.0,0.0,0.0,2.0,0.0,1.0,0.0,15.0,0.0,0.1,0.10000000000000002,1.1922171548068537e-34,1.3877787807814457e-17,1.0,0.0,0.0,55.0,0.0,0.0,55.0,55.0,1.0,33.0,0.0,55.0,55.0,55.0,55.0,55.0,0.0,0.0,25.0,25.0,0.0,3.0,60.0,38.58400011062622,1.0,2.0,1280.0,25.0,25.0,0.6410256410256411,1.0,0.6410256410256411,1.0,0.0,3.0,19.672131147540984,60.0,0.0,0.1,0.10000000000000002,1.1922171548068537e-34,1.3877787807814457e-17,1.0,0.0,0.0,1280.0,565.685424949238,-6.102072192052951,80.0,80.0,2.0,509.53846153846155,1200.0,1280.0,849.2307692307693,1280.0,80.0,1280.0,575.6395979652217,70.0,95.0,69.87179487179488,1.0,2.0,60.0,6.08899998664856,1.0,1.0,789.0,0.0,0.0,0.0,0.0,0.0,2.0,0.0,0.0,1.0,0.0,0.0,0.1,0.10000000000000002,1.1922171548068537e-34,1.3877787807814457e-17,1.0,0.0,0.0,65.0,0.0,0.0,65.0,65.0,0.0,39.0,0.0,65.0,65.0,65.0,65.0,65.0,0.0,0.0,25.0,25.0,0.0,4.0,60.0,38.58400011062622,1.0,2.0,1280.0
EXP-052,order-service,26.0,26.0,0.65,1.0,0.65,0.0,1.0,4.0,0.5882352941176471,1580.0,0.0,0.1,0.1,0.0,0.0,0.0,0.0,0.0,975.0,438.4062043356595,-4.5818084331623,45.0,45.0,1.0,389.7,930.0,975.0,649.5,975.0,45.0,975.0,443.58172865887974,70.0,95.0,70.5,1.0,1.0,60.0,6.04800009727478,0.0,0.0,0.0,1.0,0.1,1580.0,2.0,0.0,0.0,0.0,0.0,0.0,3.0,0.0,0.0,1.0,0.0,0.0,0.1,0.1,0.0,0.0,1.0,0.0,0.0,15.0,0.0,0.0,15.0,15.0,0.0,9.0,0.0,15.0,15.0,15.0,15.0,15.0,0.0,0.0,25.0,25.0,0.0,5.0,60.0,39.53699994087219,0.0,3.0,55.0,0.0,0.0,0.0,0.0,0.0,2.0,0.0,1.0,0.0,15.0,0.0,0.1,0.1,0.0,0.0,1.0,0.0,0.0,55.0,0.0,0.0,55.0,55.0,1.0,33.0,0.0,55.0,55.0,55.0,55.0,55.0,0.0,0.0,25.0,25.0,0.0,3.0,60.0,39.53699994087219,1.0,2.0,1580.0,26.0,26.0,0.65,1.0,0.65,1.0,0.0,3.0,24.59016393442623,60.0,0.0,0.1,0.1,0.0,0.0,1.0,0.0,0.0,1580.0,707.1067811865476,-7.390013601874682,80.0,80.0,2.0,633.0,1500.0,1580.0,1055.0,1580.0,80.0,1580.0,715.4544010627093,70.0,95.0,70.5,1.0,2.0,60.0,6.04800009727478,1.0,1.0,975.0,0.0,0.0,0.0,0.0,0.0,2.0,0.0,0.0,1.0,0.0,0.0,0.1,0.1,0.0,0.0,1.0,0.0,0.0,65.0,0.0,0.0,65.0,65.0,0.0,39.0,0.0,65.0,65.0,65.0,65.0,65.0,0.0,0.0,25.0,25.0,0.0,4.0,60.0,39.53699994087219,1.0,2.0,1580.0
EXP-053,order-service,26.0,26.0,0.65,1.0,0.65,0.0,1.0,4.0,0.5933014354066986,1880.0,0.0,0.1,0.1,0.0,0.0,0.0,0.0,0.0,1161.0,526.0874452027914,-5.4491640557564365,45.0,45.0,1.0,462.24000000000007,1116.0,1161.0,770.4,1161.0,45.0,1161.0,532.2980743906556,70.0,95.0,70.5,1.0,1.0,60.0,6.0959999561309814,0.0,0.0,0.0,1.0,0.1,1880.0,2.0,0.0,0.0,0.0,0.0,0.0,3.0,0.0,0.0,1.0,0.0,0.0,0.1,0.1,0.0,0.0,1.0,0.0,0.0,15.0,0.0,0.0,15.0,15.0,0.0,9.0,0.0,15.0,15.0,15.0,15.0,15.0,0.0,0.0,25.0,25.0,0.0,5.0,60.0,39.59400010108948,0.0,3.0,55.0,0.0,0.0,0.0,0.0,0.0,2.0,0.0,1.0,0.0,15.0,0.0,0.1,0.1,0.0,0.0,1.0,0.0,0.0,55.0,0.0,0.0,55.0,55.0,1.0,33.0,0.0,55.0,55.0,55.0,55.0,55.0,0.0,0.0,25.0,25.0,0.0,3.0,60.0,39.59400010108948,1.0,2.0,1880.0,26.0,26.0,0.65,1.0,0.65,1.0,0.0,3.0,29.508196721311474,60.0,0.0,0.1,0.1,0.0,0.0,1.0,0.0,0.0,1880.0,848.5281374238571,-8.788974283478122,80.0,80.0,2.0,750.0,1800.0,1880.0,1250.0,1880.0,80.0,1880.0,858.5452812752511,70.0,95.0,70.5,1.0,2.0,60.0,6.0959999561309814,1.0,1.0,1161.0,0.0,0.0,0.0,0.0,0.0,2.0,0.0,0.0,1.0,0.0,0.0,0.1,0.1,0.0,0.0,1.0,0.0,0.0,65.0,0.0,0.0,65.0,65.0,0.0,39.0,0.0,65.0,65.0,65.0,65.0,65.0,0.0,0.0,25.0,25.0,0.0,4.0,60.0,39.59400010108948,1.0,2.0,1880.0
EXP-054,order-service,25.0,25.0,0.6410256410256411,1.0,0.6410256410256411,0.0,1.0,4.0,0.5660580021482277,930.0,0.0,0.1,0.10000000000000002,-7.944962532806141e-35,1.3877787807814457e-17,0.0,0.0,0.0,572.0,248.43018245687372,-2.697188344173865,45.0,45.0,1.0,229.69230769230768,527.0,572.0,382.8205128205128,572.0,45.0,572.0,252.8017234397266,70.0,95.0,69.87179487179488,1.0,1.0,60.0,6.078999996185303,0.0,0.0,0.0,1.0,0.1,930.0,2.0,0.0,0.0,0.0,0.0,0.0,3.0,0.0,0.0,1.0,0.0,0.0,0.1,0.10000000000000002,-7.944962532806141e-35,1.3877787807814457e-17,1.0,0.0,0.0,15.0,0.0,0.0,15.0,15.0,0.0,9.0,0.0,15.0,15.0,15.0,15.0,15.0,0.0,0.0,25.0,25.0,0.0,5.0,60.0,38.592000007629395,0.0,3.0,55.0,0.0,0.0,0.0,0.0,0.0,2.0,0.0,1.0,0.0,15.0,0.0,0.1,0.10000000000000002,-7.944962532806141e-35,1.3877787807814457e-17,1.0,0.0,0.0,55.0,0.0,0.0,55.0,55.0,1.0,33.0,0.0,55.0,55.0,55.0,55.0,55.0,0.0,0.0,25.0,25.0,0.0,3.0,60.0,38.592000007629395,1.0,2.0,930.0,25.0,25.0,0.6410256410256411,1.0,0.6410256410256411,1.0,0.0,3.0,13.934426229508198,60.0,0.0,0.1,0.10000000000000002,-7.944962532806141e-35,1.3877787807814457e-17,1.0,0.0,0.0,930.0,400.693842672377,-4.350303780925591,80.0,80.0,2.0,374.9230769230769,850.0,930.0,624.8717948717949,930.0,80.0,930.0,407.7447152253654,70.0,95.0,69.87179487179488,1.0,2.0,60.0,6.078999996185303,1.0,1.0,572.0,0.0,0.0,0.0,0.0,0.0,2.0,0.0,0.0,1.0,0.0,0.0,0.1,0.10000000000000002,-7.944962532806141e-35,1.3877787807814457e-17,1.0,0.0,0.0,65.0,0.0,0.0,65.0,65.0,0.0,39.0,0.0,65.0,65.0,65.0,65.0,65.0,0.0,0.0,25.0,25.0,0.0,4.0,60.0,38.592000007629395,1.0,2.0,930.0
EXP-055,order-service,0.0,0.0,0.0,0.142,0.09229999999999998,0.0,0.0,4.0,0.0,80.0,7.0,7.1,4.65,-0.034346177400976036,3.33878720495931,0.0,0.0,0.0,45.0,0.0,0.0,45.0,45.0,1.0,27.0,0.0,45.0,45.0,45.0,45.0,45.0,0.0,9.939999999999998,34.94,31.461000000000002,0.0,1.0,60.0,39.61999988555908,0.0,0.0,0.0,0.0,10.1,80.0,0.0,0.0,0.0,0.0,0.0,0.0,3.0,0.0,0.0,1.0,0.0,0.0,0.1,0.1,0.0,0.0,1.0,0.0,0.0,15.0,0.0,0.0,15.0,15.0,0.0,9.0,0.0,15.0,15.0,15.0,15.0,15.0,0.0,0.0,25.0,25.0,0.0,5.0,60.0,39.61999988555908,0.0,3.0,55.0,0.0,0.0,0.0,0.0,0.0,2.0,0.0,1.0,0.0,15.0,0.0,0.1,0.1,0.0,0.0,1.0,0.0,0.0,55.0,0.0,0.0,55.0,55.0,1.0,33.0,0.0,55.0,55.0,55.0,55.0,55.0,0.0,0.0,25.0,25.0,0.0,3.0,60.0,39.61999988555908,0.0,2.0,80.0,0.0,0.0,0.0,0.20199999999999999,0.1313,1.0,0.0,3.0,0.0,60.0,10.0,10.1,6.6,-0.04906596771568005,4.769696007084728,1.0,0.0,0.0,80.0,0.0,0.0,80.0,80.0,2.0,48.0,0.0,80.0,80.0,80.0,80.0,80.0,0.0,14.14,39.14,34.191,0.0,2.0,60.0,39.61999988555908,0.0,1.0,45.0,0.0,0.0,0.0,0.0,0.0,2.0,0.0,0.0,1.0,0.0,0.0,0.1,0.1,0.0,0.0,1.0,0.0,0.0,65.0,0.0,0.0,65.0,65.0,0.0,39.0,0.0,65.0,65.0,65.0,65.0,65.0,0.0,0.0,25.0,25.0,0.0,4.0,60.0,39.61999988555908,0.0,2.0,80.0
EXP-056,order-service,0.0,0.0,0.0,0.282,0.18076923076923074,1.0,1.0,4.0,0.0,80.0,14.0,14.1,9.074358974358978,-0.07131522242220639,6.715795309594255,0.0,0.0,0.0,45.0,0.0,0.0,45.0,45.0,1.0,27.0,0.0,45.0,45.0,45.0,45.0,45.0,0.0,19.739999999999995,44.739999999999995,37.653846153846146,0.0,2.0,60.0,38.6010000705719,0.0,0.0,0.0,0.0,20.1,80.0,1.0,0.0,0.0,0.0,0.0,0.0,2.0,0.0,0.0,1.0,0.0,0.0,0.1,0.10000000000000002,-6.154678701449104e-34,1.3877787807814457e-17,1.0,0.0,0.0,15.0,0.0,0.0,15.0,15.0,0.0,9.0,0.0,15.0,15.0,15.0,15.0,15.0,0.0,0.0,25.0,25.0,0.0,5.0,60.0,38.6010000705719,0.0,3.0,55.0,0.0,0.0,0.0,0.0,0.0,1.0,0.0,1.0,0.0,15.0,0.0,0.1,0.10000000000000002,-6.154678701449104e-34,1.3877787807814457e-17,1.0,0.0,0.0,55.0,0.0,0.0,55.0,55.0,1.0,33.0,0.0,55.0,55.0,55.0,55.0,55.0,0.0,0.0,25.0,25.0,0.0,3.0,60.0,38.6010000705719,1.0,2.0,80.0,25.0,25.0,0.6410256410256411,0.402,0.2576923076923077,0.0,0.0,3.0,0.0,60.0,20.0,20.1,12.920512820512826,-0.10187888917458064,9.593993299420365,1.0,0.0,0.0,80.0,0.0,0.0,80.0,80.0,2.0,48.0,0.0,80.0,80.0,80.0,80.0,80.0,0.0,28.14,53.14,43.03846153846154,1.0,1.0,60.0,6.085999965667725,0.0,1.0,45.0,0.0,0.0,0.0,0.0,0.0,1.0,0.0,0.0,1.0,0.0,0.0,0.1,0.10000000000000002,-6.154678701449104e-34,1.3877787807814457e-17,1.0,0.0,0.0,65.0,0.0,0.0,65.0,65.0,0.0,39.0,0.0,65.0,65.0,65.0,65.0,65.0,0.0,0.0,25.0,25.0,0.0,4.0,60.0,38.6010000705719,1.0,2.0,80.0
EXP-057,order-service,26.0,26.0,0.65,0.42200000000000004,0.27430000000000004,0.0,1.0,4.0,0.0,80.0,21.0,21.1,13.75,-0.10458804218633894,10.01636161487793,0.0,0.0,0.0,45.0,0.0,0.0,45.0,45.0,1.0,27.0,0.0,45.0,45.0,45.0,45.0,45.0,0.0,29.540000000000006,54.540000000000006,44.201,1.0,1.0,60.0,6.081000089645386,0.0,0.0,0.0,1.0,30.1,80.0,2.0,0.0,0.0,0.0,0.0,0.0,3.0,0.0,0.0,1.0,0.0,0.0,0.1,0.1,0.0,0.0,1.0,0.0,0.0,15.0,0.0,0.0,15.0,15.0,0.0,9.0,0.0,15.0,15.0,15.0,15.0,15.0,0.0,0.0,25.0,25.0,0.0,5.0,60.0,39.58899998664856,0.0,3.0,55.0,0.0,0.0,0.0,0.0,0.0,2.0,0.0,1.0,0.0,15.0,0.0,0.1,0.1,0.0,0.0,1.0,0.0,0.0,55.0,0.0,0.0,55.0,55.0,1.0,33.0,0.0,55.0,55.0,55.0,55.0,55.0,0.0,0.0,25.0,25.0,0.0,3.0,60.0,39.58899998664856,1.0,2.0,80.0,26.0,26.0,0.65,0.602,0.39130000000000004,1.0,0.0,3.0,0.0,60.0,30.0,30.1,19.6,-0.14941148883762703,14.309088021254185,1.0,0.0,0.0,80.0,0.0,0.0,80.0,80.0,2.0,48.0,0.0,80.0,80.0,80.0,80.0,80.0,0.0,42.14,67.14,52.391000000000005,1.0,2.0,60.0,6.081000089645386,1.0,1.0,45.0,0.0,0.0,0.0,0.0,0.0,2.0,0.0,0.0,1.0,0.0,0.0,0.1,0.1,0.0,0.0,1.0,0.0,0.0,65.0,0.0,0.0,65.0,65.0,0.0,39.0,0.0,65.0,65.0,65.0,65.0,65.0,0.0,0.0,25.0,25.0,0.0,4.0,60.0,39.58899998664856,1.0,2.0,80.0
EXP-058,order-service,25.0,25.0,0.6410256410256411,0.562,0.36025641025641025,0.0,1.0,4.0,0.0,80.0,28.0,28.1,18.048717948717954,-0.14200405567346966,13.43159061918851,0.0,0.0,0.0,45.0,0.0,0.0,45.0,45.0,1.0,27.0,0.0,45.0,45.0,45.0,45.0,45.0,0.0,39.34,64.34,50.217948717948715,1.0,1.0,60.0,6.125999927520752,0.0,0.0,0.0,1.0,40.1,80.0,2.0,0.0,0.0,0.0,0.0,0.0,3.0,0.0,0.0,1.0,0.0,0.0,0.1,0.10000000000000002,4.5574194274106185e-34,1.3877787807814457e-17,1.0,0.0,0.0,15.0,0.0,0.0,15.0,15.0,0.0,9.0,0.0,15.0,15.0,15.0,15.0,15.0,0.0,0.0,25.0,25.0,0.0,5.0,60.0,38.6470000743866,0.0,3.0,55.0,0.0,0.0,0.0,0.0,0.0,2.0,0.0,1.0,0.0,15.0,0.0,0.1,0.10000000000000002,4.5574194274106185e-34,1.3877787807814457e-17,1.0,0.0,0.0,55.0,0.0,0.0,55.0,55.0,1.0,33.0,0.0,55.0,55.0,55.0,55.0,55.0,0.0,0.0,25.0,25.0,0.0,3.0,60.0,38.6470000743866,1.0,2.0,80.0,25.0,25.0,0.6410256410256411,0.802,0.5141025641025642,1.0,0.0,3.0,0.0,60.0,40.0,40.1,25.741025641025647,-0.20286293667638514,19.18798659884072,1.0,0.0,0.0,80.0,0.0,0.0,80.0,80.0,2.0,48.0,0.0,80.0,80.0,80.0,80.0,80.0,0.0,56.14,81.14,60.98717948717949,1.0,2.0,60.0,6.125999927520752,1.0,1.0,45.0,0.0,0.0,0.0,0.0,0.0,2.0,0.0,0.0,1.0,0.0,0.0,0.1,0.10000000000000002,4.5574194274106185e-34,1.3877787807814457e-17,1.0,0.0,0.0,65.0,0.0,0.0,65.0,65.0,0.0,39.0,0.0,65.0,65.0,65.0,65.0,65.0,0.0,0.0,25.0,25.0,0.0,4.0,60.0,38.6470000743866,1.0,2.0,80.0
EXP-059,order-service,26.0,26.0,0.65,0.8420000000000001,0.5473000000000001,0.0,1.0,4.0,0.0,80.0,42.0,42.1,27.4,-0.2068637116337657,20.03272322975586,0.0,0.0,0.0,45.0,0.0,0.0,45.0,45.0,1.0,27.0,0.0,45.0,45.0,45.0,45.0,45.0,0.0,58.94,83.94,63.31099999999999,1.0,1.0,60.0,6.073999881744385,0.0,0.0,0.0,1.0,60.1,80.0,2.0,0.0,0.0,0.0,0.0,0.0,3.0,0.0,0.0,1.0,0.0,0.0,0.1,0.1,0.0,0.0,1.0,0.0,0.0,15.0,0.0,0.0,15.0,15.0,0.0,9.0,0.0,15.0,15.0,15.0,15.0,15.0,0.0,0.0,25.0,25.0,0.0,5.0,60.0,39.68499994277954,0.0,3.0,55.0,0.0,0.0,0.0,0.0,0.0,2.0,0.0,1.0,0.0,15.0,0.0,0.1,0.1,0.0,0.0,1.0,0.0,0.0,55.0,0.0,0.0,55.0,55.0,1.0,33.0,0.0,55.0,55.0,55.0,55.0,55.0,0.0,0.0,25.0,25.0,0.0,3.0,60.0,39.68499994277954,1.0,2.0,80.0,26.0,26.0,0.65,1.0,0.65,1.0,0.0,3.0,0.0,60.0,60.0,60.1,39.1,-0.29551958804823675,28.61817604250837,1.0,0.0,0.0,80.0,0.0,0.0,80.0,80.0,2.0,48.0,0.0,80.0,80.0,80.0,80.0,80.0,0.0,70.0,95.0,70.5,1.0,2.0,60.0,6.073999881744385,1.0,1.0,45.0,0.0,0.0,0.0,0.0,0.0,2.0,0.0,0.0,1.0,0.0,0.0,0.1,0.1,0.0,0.0,1.0,0.0,0.0,65.0,0.0,0.0,65.0,65.0,0.0,39.0,0.0,65.0,65.0,65.0,65.0,65.0,0.0,0.0,25.0,25.0,0.0,4.0,60.0,39.68499994277954,1.0,2.0,80.0
EXP-060,order-service,25.0,25.0,0.6410256410256411,1.0,0.6410256410256411,0.0,1.0,4.0,0.0,80.0,56.0,56.1,35.997435897435885,-0.2851644951626777,26.863181238377013,0.0,0.0,0.0,45.0,0.0,0.0,45.0,45.0,1.0,27.0,0.0,45.0,45.0,45.0,45.0,45.0,0.0,70.0,95.0,69.87179487179488,1.0,1.0,60.0,6.085999965667725,0.0,0.0,0.0,1.0,80.1,80.0,2.0,0.0,0.0,0.0,0.0,0.0,3.0,0.0,0.0,1.0,0.0,0.0,0.1,0.10000000000000002,0.0,1.3877787807814457e-17,1.0,0.0,0.0,15.0,0.0,0.0,15.0,15.0,0.0,9.0,0.0,15.0,15.0,15.0,15.0,15.0,0.0,0.0,25.0,25.0,0.0,5.0,60.0,38.56500005722046,0.0,3.0,55.0,0.0,0.0,0.0,0.0,0.0,2.0,0.0,1.0,0.0,15.0,0.0,0.1,0.10000000000000002,0.0,1.3877787807814457e-17,1.0,0.0,0.0,55.0,0.0,0.0,55.0,55.0,1.0,33.0,0.0,55.0,55.0,55.0,55.0,55.0,0.0,0.0,25.0,25.0,0.0,3.0,60.0,38.56500005722046,1.0,2.0,80.0,25.0,25.0,0.6410256410256411,1.0,0.6410256410256411,1.0,0.0,3.0,0.0,60.0,80.0,80.1,51.38205128205126,-0.4073778502323966,38.375973197681446,1.0,0.0,0.0,80.0,0.0,0.0,80.0,80.0,2.0,48.0,0.0,80.0,80.0,80.0,80.0,80.0,0.0,70.0,95.0,69.87179487179488,1.0,2.0,60.0,6.085999965667725,1.0,1.0,45.0,0.0,0.0,0.0,0.0,0.0,2.0,0.0,0.0,1.0,0.0,0.0,0.1,0.10000000000000002,0.0,1.3877787807814457e-17,1.0,0.0,0.0,65.0,0.0,0.0,65.0,65.0,0.0,39.0,0.0,65.0,65.0,65.0,65.0,65.0,0.0,0.0,25.0,25.0,0.0,4.0,60.0,38.56500005722046,1.0,2.0,80.0
EXP-061,order-service,26.0,26.0,0.65,0.49200000000000005,0.31980000000000003,0.0,1.0,4.0,0.0,80.0,24.5,24.6,16.025,-0.12066434894982803,11.685755217357586,0.0,0.0,0.0,45.0,0.0,0.0,45.0,45.0,1.0,27.0,0.0,45.0,45.0,45.0,45.0,45.0,0.0,34.440000000000005,59.440000000000005,47.386,1.0,1.0,60.0,6.069000005722046,0.0,0.0,0.0,1.0,35.1,80.0,2.0,0.0,0.0,0.0,0.0,0.0,3.0,0.0,0.0,1.0,0.0,0.0,0.1,0.1,0.0,0.0,1.0,0.0,0.0,15.0,0.0,0.0,15.0,15.0,0.0,9.0,0.0,15.0,15.0,15.0,15.0,15.0,0.0,0.0,25.0,25.0,0.0,5.0,60.0,39.61099982261658,0.0,3.0,55.0,0.0,0.0,0.0,0.0,0.0,2.0,0.0,1.0,0.0,15.0,0.0,0.1,0.1,0.0,0.0,1.0,0.0,0.0,55.0,0.0,0.0,55.0,55.0,1.0,33.0,0.0,55.0,55.0,55.0,55.0,55.0,0.0,0.0,25.0,25.0,0.0,3.0,60.0,39.61099982261658,1.0,2.0,80.0,26.0,26.0,0.65,0.7020000000000001,0.45630000000000004,1.0,0.0,3.0,0.0,60.0,35.0,35.1,22.85,-0.1723776413568974,16.69393602479655,1.0,0.0,0.0,80.0,0.0,0.0,80.0,80.0,2.0,48.0,0.0,80.0,80.0,80.0,80.0,80.0,0.0,49.140000000000015,74.14000000000001,56.94100000000001,1.0,2.0,60.0,6.069000005722046,1.0,1.0,45.0,0.0,0.0,0.0,0.0,0.0,2.0,0.0,0.0,1.0,0.0,0.0,0.1,0.1,0.0,0.0,1.0,0.0,0.0,65.0,0.0,0.0,65.0,65.0,0.0,39.0,0.0,65.0,65.0,65.0,65.0,65.0,0.0,0.0,25.0,25.0,0.0,4.0,60.0,39.61099982261658,1.0,2.0,80.0
EXP-062,order-service,25.0,25.0,0.6410256410256411,0.49200000000000005,0.31538461538461543,0.0,1.0,4.0,0.0,80.0,24.5,24.6,15.805128205128211,-0.12553773286397932,11.752641791789944,0.0,0.0,0.0,45.0,0.0,0.0,45.0,45.0,1.0,27.0,0.0,45.0,45.0,45.0,45.0,45.0,0.0,34.440000000000005,59.440000000000005,47.07692307692308,1.0,1.0,60.0,6.069000005722046,0.0,0.0,0.0,1.0,35.1,80.0,2.0,0.0,0.0,0.0,0.0,0.0,3.0,0.0,0.0,1.0,0.0,0.0,0.1,0.10000000000000002,2.7891336887483794e-34,1.3877787807814457e-17,1.0,0.0,0.0,15.0,0.0,0.0,15.0,15.0,0.0,9.0,0.0,15.0,15.0,15.0,15.0,15.0,0.0,0.0,25.0,25.0,0.0,5.0,60.0,38.53700017929077,0.0,3.0,55.0,0.0,0.0,0.0,0.0,0.0,2.0,0.0,1.0,0.0,15.0,0.0,0.1,0.10000000000000002,2.7891336887483794e-34,1.3877787807814457e-17,1.0,0.0,0.0,55.0,0.0,0.0,55.0,55.0,1.0,33.0,0.0,55.0,55.0,55.0,55.0,55.0,0.0,0.0,25.0,25.0,0.0,3.0,60.0,38.53700017929077,1.0,2.0,80.0,25.0,25.0,0.6410256410256411,0.7020000000000001,0.4500000000000001,1.0,0.0,3.0,0.0,60.0,35.0,35.1,22.535897435897443,-0.1793396183771134,16.789488273985633,1.0,0.0,0.0,80.0,0.0,0.0,80.0,80.0,2.0,48.0,0.0,80.0,80.0,80.0,80.0,80.0,0.0,49.140000000000015,74.14000000000001,56.500000000000014,1.0,2.0,60.0,6.069000005722046,1.0,1.0,45.0,0.0,0.0,0.0,0.0,0.0,2.0,0.0,0.0,1.0,0.0,0.0,0.1,0.10000000000000002,2.7891336887483794e-34,1.3877787807814457e-17,1.0,0.0,0.0,65.0,0.0,0.0,65.0,65.0,0.0,39.0,0.0,65.0,65.0,65.0,65.0,65.0,0.0,0.0,25.0,25.0,0.0,4.0,60.0,38.53700017929077,1.0,2.0,80.0
EXP-063,payment-service,26.0,26.0,0.65,0.345,0.22424999999999998,0.0,1.0,4.0,0.0,80.0,17.15,17.25,11.247499999999999,-0.0840067074589974,8.180028652150309,0.0,0.0,0.0,45.0,0.0,0.0,45.0,45.0,1.0,27.0,0.0,45.0,45.0,45.0,45.0,45.0,0.0,24.15,49.15,40.697500000000005,1.0,1.0,60.0,6.072999954223633,0.0,0.0,0.0,2.0,35.1,80.0,3.0,0.0,0.0,0.0,0.0,0.0,3.0,0.0,0.0,1.0,0.0,0.0,0.1,0.1,0.0,0.0,1.0,0.0,0.0,15.0,0.0,0.0,15.0,15.0,0.0,9.0,0.0,15.0,15.0,15.0,15.0,15.0,0.0,0.0,25.0,25.0,0.0,5.0,60.0,39.58099985122681,0.0,3.0,55.0,0.0,0.0,0.0,0.0,0.0,2.0,0.0,1.0,0.0,15.0,0.0,0.1,0.1,0.0,0.0,1.0,0.0,0.0,55.0,0.0,0.0,55.0,55.0,1.0,33.0,0.0,55.0,55.0,55.0,55.0,55.0,0.0,0.0,25.0,25.0,0.0,4.0,60.0,39.58099985122681,1.0,2.0,80.0,26.0,26.0,0.65,0.49200000000000005,0.31980000000000003,1.0,1.0,3.0,0.0,60.0,24.5,24.6,16.025,-0.12000958208428193,11.685755217357586,1.0,0.0,0.0,80.0,0.0,0.0,80.0,80.0,2.0,48.0,0.0,80.0,80.0,80.0,80.0,80.0,0.0,34.440000000000005,59.440000000000005,47.386,1.0,2.0,60.0,6.072999954223633,1.0,1.0,45.0,26.0,26.0,0.65,0.7020000000000001,0.45630000000000004,2.0,0.0,0.0,1.0,0.0,35.0,35.1,22.85,-0.17144226012040278,16.69393602479655,1.0,0.0,0.0,65.0,0.0,0.0,65.0,65.0,0.0,39.0,0.0,65.0,65.0,65.0,65.0,65.0,0.0,49.140000000000015,74.14000000000001,56.94100000000001,1.0,3.0,60.0,6.072999954223633,1.0,2.0,80.0
EXP-064,payment-service,26.0,26.0,0.65,0.345,0.22424999999999998,0.0,1.0,4.0,0.0,80.0,17.15,17.25,11.247499999999999,-0.0844651514071108,8.180028652150309,0.0,0.0,0.0,45.0,0.0,0.0,45.0,45.0,1.0,27.0,0.0,45.0,45.0,45.0,45.0,45.0,0.0,24.15,49.15,40.697500000000005,1.0,1.0,60.0,6.085000038146973,0.0,0.0,0.0,2.0,35.1,80.0,3.0,0.0,0.0,0.0,0.0,0.0,3.0,0.0,0.0,1.0,0.0,0.0,0.1,0.1,0.0,0.0,1.0,0.0,0.0,15.0,0.0,0.0,15.0,15.0,0.0,9.0,0.0,15.0,15.0,15.0,15.0,15.0,0.0,0.0,25.0,25.0,0.0,5.0,60.0,39.569000005722046,0.0,3.0,55.0,0.0,0.0,0.0,0.0,0.0,2.0,0.0,1.0,0.0,15.0,0.0,0.1,0.1,0.0,0.0,1.0,0.0,0.0,55.0,0.0,0.0,55.0,55.0,1.0,33.0,0.0,55.0,55.0,55.0,55.0,55.0,0.0,0.0,25.0,25.0,0.0,4.0,60.0,39.569000005722046,1.0,2.0,80.0,26.0,26.0,0.65,0.49200000000000005,0.31980000000000003,1.0,1.0,3.0,0.0,60.0,24.5,24.6,16.025,-0.12066450201015817,11.685755217357586,1.0,0.0,0.0,80.0,0.0,0.0,80.0,80.0,2.0,48.0,0.0,80.0,80.0,80.0,80.0,80.0,0.0,34.440000000000005,59.440000000000005,47.386,1.0,2.0,60.0,6.085000038146973,1.0,1.0,45.0,26.0,26.0,0.65,0.7020000000000001,0.45630000000000004,2.0,0.0,0.0,1.0,0.0,35.0,35.1,22.85,-0.1723778600145116,16.69393602479655,1.0,0.0,0.0,65.0,0.0,0.0,65.0,65.0,0.0,39.0,0.0,65.0,65.0,65.0,65.0,65.0,0.0,49.140000000000015,74.14000000000001,56.94100000000001,1.0,3.0,60.0,6.085000038146973,1.0,2.0,80.0
EXP-065,payment-service,25.0,25.0,0.6410256410256411,0.345,0.22115384615384615,0.0,1.0,4.0,0.0,80.0,17.15,17.25,11.09358974358975,-0.08735169562575411,8.226849254252961,0.0,0.0,0.0,45.0,0.0,0.0,45.0,45.0,1.0,27.0,0.0,45.0,45.0,45.0,45.0,45.0,0.0,24.15,49.15,40.48076923076923,1.0,1.0,60.0,6.077000141143799,0.0,0.0,0.0,2.0,35.1,80.0,3.0,0.0,0.0,0.0,0.0,0.0,3.0,0.0,0.0,1.0,0.0,0.0,0.1,0.10000000000000002,-4.394052403344855e-34,1.3877787807814457e-17,1.0,0.0,0.0,15.0,0.0,0.0,15.0,15.0,0.0,9.0,0.0,15.0,15.0,15.0,15.0,15.0,0.0,0.0,25.0,25.0,0.0,5.0,60.0,38.491000175476074,0.0,3.0,55.0,0.0,0.0,0.0,0.0,0.0,2.0,0.0,1.0,0.0,15.0,0.0,0.1,0.10000000000000002,-4.394052403344855e-34,1.3877787807814457e-17,1.0,0.0,0.0,55.0,0.0,0.0,55.0,55.0,1.0,33.0,0.0,55.0,55.0,55.0,55.0,55.0,0.0,0.0,25.0,25.0,0.0,4.0,60.0,38.491000175476074,1.0,2.0,80.0,25.0,25.0,0.6410256410256411,0.49200000000000005,0.31538461538461543,1.0,1.0,3.0,0.0,60.0,24.5,24.6,15.805128205128211,-0.12478813660822011,11.752641791789944,1.0,0.0,0.0,80.0,0.0,0.0,80.0,80.0,2.0,48.0,0.0,80.0,80.0,80.0,80.0,80.0,0.0,34.440000000000005,59.440000000000005,47.07692307692308,1.0,2.0,60.0,6.077000141143799,1.0,1.0,45.0,25.0,25.0,0.6410256410256411,0.7020000000000001,0.4500000000000001,2.0,0.0,0.0,1.0,0.0,35.0,35.1,22.535897435897443,-0.17826876658317178,16.789488273985633,1.0,0.0,0.0,65.0,0.0,0.0,65.0,65.0,0.0,39.0,0.0,65.0,65.0,65.0,65.0,65.0,0.0,49.140000000000015,74.14000000000001,56.500000000000014,1.0,3.0,60.0,6.077000141143799,1.0,2.0,80.0
EXP-066,payment-service,26.0,26.0,0.65,0.345,0.22424999999999998,0.0,1.0,4.0,0.0,80.0,17.15,17.25,11.247499999999999,-0.08436945015138675,8.180028652150309,0.0,0.0,0.0,45.0,0.0,0.0,45.0,45.0,1.0,27.0,0.0,45.0,45.0,45.0,45.0,45.0,0.0,24.15,49.15,40.697500000000005,1.0,1.0,60.0,6.113999843597412,0.0,0.0,0.0,2.0,35.1,80.0,3.0,0.0,0.0,0.0,0.0,0.0,3.0,0.0,0.0,1.0,0.0,0.0,0.1,0.1,0.0,0.0,1.0,0.0,0.0,15.0,0.0,0.0,15.0,15.0,0.0,9.0,0.0,15.0,15.0,15.0,15.0,15.0,0.0,0.0,25.0,25.0,0.0,5.0,60.0,39.663999795913696,0.0,3.0,55.0,0.0,0.0,0.0,0.0,0.0,2.0,0.0,1.0,0.0,15.0,0.0,0.1,0.1,0.0,0.0,1.0,0.0,0.0,55.0,0.0,0.0,55.0,55.0,1.0,33.0,0.0,55.0,55.0,55.0,55.0,55.0,0.0,0.0,25.0,25.0,0.0,4.0,60.0,39.663999795913696,1.0,2.0,80.0,26.0,26.0,0.65,0.49200000000000005,0.31980000000000003,1.0,1.0,3.0,0.0,60.0,24.5,24.6,16.025,-0.12052778593055245,11.685755217357586,1.0,0.0,0.0,80.0,0.0,0.0,80.0,80.0,2.0,48.0,0.0,80.0,80.0,80.0,80.0,80.0,0.0,34.440000000000005,59.440000000000005,47.386,1.0,2.0,60.0,6.113999843597412,1.0,1.0,45.0,26.0,26.0,0.65,0.7020000000000001,0.45630000000000004,2.0,0.0,0.0,1.0,0.0,35.0,35.1,22.85,-0.17218255132936044,16.69393602479655,1.0,0.0,0.0,65.0,0.0,0.0,65.0,65.0,0.0,39.0,0.0,65.0,65.0,65.0,65.0,65.0,0.0,49.140000000000015,74.14000000000001,56.94100000000001,1.0,3.0,60.0,6.113999843597412,1.0,2.0,80.0
EXP-067,payment-service,0.0,0.0,0.0,0.09999999999999998,0.0641025641025641,0.0,0.0,4.0,0.0,80.0,4.8999999999999995,4.999999999999999,3.2410256410256393,-0.02508849119139013,2.350528358357988,0.0,0.0,0.0,45.0,0.0,0.0,45.0,45.0,1.0,27.0,0.0,45.0,45.0,45.0,45.0,45.0,0.0,7.0,32.0,29.487179487179485,0.0,1.0,60.0,38.66700005531311,0.0,0.0,0.0,0.0,10.1,80.0,0.0,0.0,0.0,0.0,0.0,0.0,3.0,0.0,0.0,1.0,0.0,0.0,0.1,0.10000000000000002,1.186195666685034e-34,1.3877787807814457e-17,1.0,0.0,0.0,15.0,0.0,0.0,15.0,15.0,0.0,9.0,0.0,15.0,15.0,15.0,15.0,15.0,0.0,0.0,25.0,25.0,0.0,5.0,60.0,38.66700005531311,0.0,3.0,55.0,0.0,0.0,0.0,0.0,0.0,2.0,0.0,1.0,0.0,15.0,0.0,0.1,0.10000000000000002,1.186195666685034e-34,1.3877787807814457e-17,1.0,0.0,0.0,55.0,0.0,0.0,55.0,55.0,1.0,33.0,0.0,55.0,55.0,55.0,55.0,55.0,0.0,0.0,25.0,25.0,0.0,3.0,60.0,38.66700005531311,0.0,2.0,80.0,0.0,0.0,0.0,0.142,0.09102564102564101,1.0,0.0,3.0,0.0,60.0,7.0,7.1,4.587179487179486,-0.03584070170198593,3.3578976547971267,1.0,0.0,0.0,80.0,0.0,0.0,80.0,80.0,2.0,48.0,0.0,80.0,80.0,80.0,80.0,80.0,0.0,9.939999999999998,34.94,31.371794871794872,0.0,2.0,60.0,38.66700005531311,0.0,1.0,45.0,0.0,0.0,0.0,0.20199999999999999,0.12948717948717947,2.0,0.0,0.0,1.0,0.0,10.0,10.1,6.510256410256409,-0.05120100243140845,4.796996649710181,1.0,0.0,0.0,65.0,0.0,0.0,65.0,65.0,0.0,39.0,0.0,65.0,65.0,65.0,65.0,65.0,0.0,14.14,39.14,34.06410256410256,0.0,4.0,60.0,38.66700005531311,0.0,2.0,80.0
EXP-068,payment-service,0.0,0.0,0.0,0.19799999999999998,0.12869999999999998,2.0,0.0,4.0,0.0,80.0,9.799999999999999,9.899999999999999,6.469999999999999,-0.048084878511335805,4.674302086943033,0.0,0.0,0.0,45.0,0.0,0.0,45.0,45.0,1.0,27.0,0.0,45.0,45.0,45.0,45.0,45.0,0.0,13.86,38.86,34.009,0.0,2.0,60.0,39.60800004005432,0.0,0.0,0.0,0.0,20.1,80.0,1.0,0.0,0.0,0.0,0.0,0.0,3.0,0.0,0.0,1.0,0.0,0.0,0.1,0.1,0.0,0.0,1.0,0.0,0.0,15.0,0.0,0.0,15.0,15.0,0.0,9.0,0.0,15.0,15.0,15.0,15.0,15.0,0.0,0.0,25.0,25.0,0.0,5.0,60.0,39.60800004005432,0.0,3.0,55.0,0.0,0.0,0.0,0.0,0.0,2.0,0.0,1.0,0.0,15.0,0.0,0.1,0.1,0.0,0.0,1.0,0.0,0.0,55.0,0.0,0.0,55.0,55.0,1.0,33.0,0.0,55.0,55.0,55.0,55.0,55.0,0.0,0.0,25.0,25.0,0.0,4.0,60.0,39.60800004005432,0.0,2.0,80.0,0.0,0.0,0.0,0.282,0.18329999999999996,1.0,1.0,3.0,0.0,60.0,14.0,14.1,9.2,-0.06869268358762257,6.677574409918619,1.0,0.0,0.0,80.0,0.0,0.0,80.0,80.0,2.0,48.0,0.0,80.0,80.0,80.0,80.0,80.0,0.0,19.739999999999995,44.739999999999995,37.830999999999996,0.0,3.0,60.0,39.60800004005432,0.0,1.0,45.0,26.0,26.0,0.65,0.402,0.2613,0.0,0.0,0.0,1.0,0.0,20.0,20.1,13.1,-0.09813240512517514,9.539392014169458,1.0,0.0,0.0,65.0,0.0,0.0,65.0,65.0,0.0,39.0,0.0,65.0,65.0,65.0,65.0,65.0,0.0,28.14,53.14,43.291000000000004,1.0,1.0,60.0,6.0950000286102295,0.0,2.0,80.0
EXP-069,payment-service,0.0,0.0,0.0,0.29599999999999993,0.1897435897435897,1.0,1.0,4.0,0.0,80.0,14.699999999999998,14.799999999999997,9.523076923076925,-0.07496399711275727,7.051585075073965,0.0,0.0,0.0,45.0,0.0,0.0,45.0,45.0,1.0,27.0,0.0,45.0,45.0,45.0,45.0,45.0,0.0,20.72,45.72,38.282051282051285,0.0,3.0,60.0,38.549999952316284,0.0,0.0,0.0,1.0,30.1,80.0,2.0,0.0,0.0,0.0,0.0,0.0,2.0,0.0,0.0,1.0,0.0,0.0,0.1,0.10000000000000002,4.575698586767862e-34,1.3877787807814457e-17,1.0,0.0,0.0,15.0,0.0,0.0,15.0,15.0,0.0,9.0,0.0,15.0,15.0,15.0,15.0,15.0,0.0,0.0,25.0,25.0,0.0,5.0,60.0,38.549999952316284,0.0,3.0,55.0,0.0,0.0,0.0,0.0,0.0,1.0,0.0,1.0,0.0,15.0,0.0,0.1,0.10000000000000002,4.575698586767862e-34,1.3877787807814457e-17,1.0,0.0,0.0,55.0,0.0,0.0,55.0,55.0,1.0,33.0,0.0,55.0,55.0,55.0,55.0,55.0,0.0,0.0,25.0,25.0,0.0,4.0,60.0,38.549999952316284,1.0,2.0,80.0,25.0,25.0,0.6410256410256411,0.42200000000000004,0.27051282051282055,0.0,1.0,3.0,0.0,60.0,21.0,21.1,13.561538461538467,-0.10709142444679609,10.073692964391382,1.0,0.0,0.0,80.0,0.0,0.0,80.0,80.0,2.0,48.0,0.0,80.0,80.0,80.0,80.0,80.0,0.0,29.540000000000006,54.540000000000006,43.93589743589744,1.0,1.0,60.0,6.082000017166138,0.0,1.0,45.0,25.0,25.0,0.6410256410256411,0.602,0.3858974358974359,1.0,0.0,0.0,1.0,0.0,30.0,30.1,19.330769230769235,-0.15298774920970876,14.390989949130544,1.0,0.0,0.0,65.0,0.0,0.0,65.0,65.0,0.0,39.0,0.0,65.0,65.0,65.0,65.0,65.0,0.0,42.14,67.14,52.01282051282051,1.0,2.0,60.0,6.082000017166138,1.0,2.0,80.0
EXP-070,payment-service,26.0,26.0,0.65,0.39399999999999996,0.2561,0.0,1.0,4.0,0.0,80.0,19.599999999999998,19.7,12.84,-0.09625525500012441,9.348604173886068,0.0,0.0,0.0,45.0,0.0,0.0,45.0,45.0,1.0,27.0,0.0,45.0,45.0,45.0,45.0,45.0,0.0,27.58,52.58,42.927,1.0,1.0,60.0,6.091000080108643,0.0,0.0,0.0,2.0,40.1,80.0,3.0,0.0,0.0,0.0,0.0,0.0,3.0,0.0,0.0,1.0,0.0,0.0,0.1,0.1,0.0,0.0,1.0,0.0,0.0,15.0,0.0,0.0,15.0,15.0,0.0,9.0,0.0,15.0,15.0,15.0,15.0,15.0,0.0,0.0,25.0,25.0,0.0,5.0,60.0,39.63100004196167,0.0,3.0,55.0,0.0,0.0,0.0,0.0,0.0,2.0,0.0,1.0,0.0,15.0,0.0,0.1,0.1,0.0,0.0,1.0,0.0,0.0,55.0,0.0,0.0,55.0,55.0,1.0,33.0,0.0,55.0,55.0,55.0,55.0,55.0,0.0,0.0,25.0,25.0,0.0,4.0,60.0,39.63100004196167,1.0,2.0,80.0,26.0,26.0,0.65,0.562,0.36530000000000007,1.0,1.0,3.0,0.0,60.0,28.0,28.1,18.3,-0.13750750714303486,13.355148819837238,1.0,0.0,0.0,80.0,0.0,0.0,80.0,80.0,2.0,48.0,0.0,80.0,80.0,80.0,80.0,80.0,0.0,39.34,64.34,50.571000000000005,1.0,2.0,60.0,6.091000080108643,1.0,1.0,45.0,26.0,26.0,0.65,0.802,0.5213000000000001,2.0,0.0,0.0,1.0,0.0,40.0,40.1,26.1,-0.19643929591862125,19.078784028338912,1.0,0.0,0.0,65.0,0.0,0.0,65.0,65.0,0.0,39.0,0.0,65.0,65.0,65.0,65.0,65.0,0.0,56.14,81.14,61.49100000000001,1.0,3.0,60.0,6.091000080108643,1.0,2.0,80.0
EXP-071,payment-service,25.0,25.0,0.6410256410256411,0.49199999999999994,0.3153846153846153,0.0,1.0,4.0,0.0,80.0,24.499999999999996,24.599999999999998,15.805128205128208,-0.1253857948156282,11.752641791789943,0.0,0.0,0.0,45.0,0.0,0.0,45.0,45.0,1.0,27.0,0.0,45.0,45.0,45.0,45.0,45.0,0.0,34.44,59.44,47.07692307692308,1.0,1.0,60.0,6.074000120162964,0.0,0.0,0.0,2.0,50.1,80.0,3.0,0.0,0.0,0.0,0.0,0.0,3.0,0.0,0.0,1.0,0.0,0.0,0.1,0.10000000000000002,1.1908670583291929e-34,1.3877787807814457e-17,1.0,0.0,0.0,15.0,0.0,0.0,15.0,15.0,0.0,9.0,0.0,15.0,15.0,15.0,15.0,15.0,0.0,0.0,25.0,25.0,0.0,5.0,60.0,38.59299993515015,0.0,3.0,55.0,0.0,0.0,0.0,0.0,0.0,2.0,0.0,1.0,0.0,15.0,0.0,0.1,0.10000000000000002,1.1908670583291929e-34,1.3877787807814457e-17,1.0,0.0,0.0,55.0,0.0,0.0,55.0,55.0,1.0,33.0,0.0,55.0,55.0,55.0,55.0,55.0,0.0,0.0,25.0,25.0,0.0,4.0,60.0,38.59299993515015,1.0,2.0,80.0,25.0,25.0,0.6410256410256411,0.7020000000000001,0.4500000000000001,1.0,1.0,3.0,0.0,60.0,35.0,35.1,22.535897435897443,-0.17912256402232593,16.789488273985633,1.0,0.0,0.0,80.0,0.0,0.0,80.0,80.0,2.0,48.0,0.0,80.0,80.0,80.0,80.0,80.0,0.0,49.140000000000015,74.14000000000001,56.500000000000014,1.0,2.0,60.0,6.074000120162964,1.0,1.0,45.0,25.0,25.0,0.6410256410256411,1.0,0.6410256410256411,2.0,0.0,0.0,1.0,0.0,50.0,50.1,32.15128205128204,-0.25588937717475124,23.984983248550904,1.0,0.0,0.0,65.0,0.0,0.0,65.0,65.0,0.0,39.0,0.0,65.0,65.0,65.0,65.0,65.0,0.0,70.0,95.0,69.87179487179488,1.0,3.0,60.0,6.074000120162964,1.0,2.0,80.0
EXP-072,payment-service,26.0,26.0,0.6666666666666666,0.59,0.3933333333333333,0.0,1.0,4.0,0.0,80.0,29.399999999999995,29.499999999999996,19.700000000000003,-0.23492369546904268,13.859292911256327,0.0,0.0,0.0,45.0,0.0,0.0,45.0,45.0,1.0,27.0,0.0,45.0,45.0,45.0,45.0,45.0,0.0,41.3,66.3,52.533333333333324,1.0,1.0,60.0,5.047999858856201,0.0,0.0,0.0,2.0,60.1,80.0,3.0,0.0,0.0,0.0,0.0,0.0,3.0,0.0,0.0,1.0,0.0,0.0,0.1,0.10000000000000002,-3.7671107921996144e-34,1.3877787807814457e-17,1.0,0.0,0.0,15.0,0.0,0.0,15.0,15.0,0.0,9.0,0.0,15.0,15.0,15.0,15.0,15.0,0.0,0.0,25.0,25.0,0.0,5.0,60.0,38.59699988365173,0.0,3.0,55.0,0.0,0.0,0.0,0.0,0.0,2.0,0.0,1.0,0.0,15.0,0.0,0.1,0.10000000000000002,-3.7671107921996144e-34,1.3877787807814457e-17,1.0,0.0,0.0,55.0,0.0,0.0,55.0,55.0,1.0,33.0,0.0,55.0,55.0,55.0,55.0,55.0,0.0,0.0,25.0,25.0,0.0,4.0,60.0,38.59699988365173,1.0,2.0,80.0,26.0,26.0,0.6666666666666666,0.8420000000000001,0.5613333333333335,1.0,1.0,3.0,0.0,60.0,42.0,42.1,28.099999999999984,-0.33560527924148964,19.798989873223327,1.0,0.0,0.0,80.0,0.0,0.0,80.0,80.0,2.0,48.0,0.0,80.0,80.0,80.0,80.0,80.0,0.0,58.94,83.94,64.29333333333332,1.0,2.0,60.0,5.047999858856201,1.0,1.0,45.0,26.0,26.0,0.6666666666666666,1.0,0.6666666666666666,2.0,0.0,0.0,1.0,0.0,60.0,60.1,40.09999999999999,-0.47943611320212803,28.284271247461906,1.0,0.0,0.0,65.0,0.0,0.0,65.0,65.0,0.0,39.0,0.0,65.0,65.0,65.0,65.0,65.0,0.0,70.0,95.0,71.66666666666667,1.0,3.0,60.0,5.047999858856201,1.0,2.0,80.0
EXP-073,payment-service,26.0,26.0,0.6666666666666666,0.7859999999999999,0.5239999999999999,0.0,1.0,4.0,0.0,80.0,39.199999999999996,39.3,26.233333333333334,-0.102147309835683,18.479057215008442,0.0,0.0,0.0,45.0,0.0,0.0,45.0,45.0,1.0,27.0,0.0,45.0,45.0,45.0,45.0,45.0,0.0,55.019999999999996,80.02,61.68,1.0,1.0,60.0,6.087000131607056,0.0,0.0,0.0,2.0,80.1,80.0,3.0,0.0,0.0,0.0,0.0,0.0,3.0,0.0,0.0,1.0,0.0,0.0,0.1,0.10000000000000002,4.5451343073681676e-34,1.3877787807814457e-17,1.0,0.0,0.0,15.0,0.0,0.0,15.0,15.0,0.0,9.0,0.0,15.0,15.0,15.0,15.0,15.0,0.0,0.0,25.0,25.0,0.0,5.0,60.0,38.664000034332275,0.0,3.0,55.0,0.0,0.0,0.0,0.0,0.0,2.0,0.0,1.0,0.0,15.0,0.0,0.1,0.10000000000000002,4.5451343073681676e-34,1.3877787807814457e-17,1.0,0.0,0.0,55.0,0.0,0.0,55.0,55.0,1.0,33.0,0.0,55.0,55.0,55.0,55.0,55.0,0.0,0.0,25.0,25.0,0.0,4.0,60.0,38.664000034332275,1.0,2.0,80.0,26.0,26.0,0.6666666666666666,1.0,0.6666666666666666,1.0,1.0,3.0,0.0,60.0,56.0,56.1,37.433333333333316,-0.14592472833669018,26.39865316429778,1.0,0.0,0.0,80.0,0.0,0.0,80.0,80.0,2.0,48.0,0.0,80.0,80.0,80.0,80.0,80.0,0.0,70.0,95.0,71.66666666666667,1.0,2.0,60.0,6.087000131607056,1.0,1.0,45.0,26.0,26.0,0.6666666666666666,1.0,0.6666666666666666,2.0,0.0,0.0,1.0,0.0,80.0,80.1,53.433333333333316,-0.20846389762384313,37.71236166328254,1.0,0.0,0.0,65.0,0.0,0.0,65.0,65.0,0.0,39.0,0.0,65.0,65.0,65.0,65.0,65.0,0.0,70.0,95.0,71.66666666666667,1.0,3.0,60.0,6.087000131607056,1.0,2.0,80.0
EXP-074,payment-service,26.0,26.0,0.6666666666666666,0.8542222222222224,0.5694814814814816,0.0,1.0,4.0,0.467355623100304,328.0,0.0,0.1,0.10000000000000002,1.1880559976784483e-34,1.3877787807814457e-17,0.0,0.0,0.0,198.76000000000002,72.48315911682904,-1.2269744435404273,45.0,45.0,1.0,88.504,153.76000000000002,198.76000000000002,147.50666666666666,198.76000000000002,45.0,198.76000000000002,72.48315911682903,59.79555555555558,84.79555555555558,64.86370370370372,1.0,1.0,60.0,5.057000160217285,0.0,0.0,0.0,2.0,0.1,465.0,3.0,0.0,0.0,0.0,0.0,0.0,3.0,0.0,0.0,1.0,0.0,0.0,0.1,0.10000000000000002,1.1880559976784483e-34,1.3877787807814457e-17,1.0,0.0,0.0,15.0,0.0,0.0,15.0,15.0,0.0,9.0,0.0,15.0,15.0,15.0,15.0,15.0,0.0,0.0,25.0,25.0,0.0,5.0,60.0,38.62000012397766,0.0,3.0,55.0,0.0,0.0,0.0,0.0,0.0,2.0,0.0,1.0,0.0,15.0,0.0,0.1,0.10000000000000002,1.1880559976784483e-34,1.3877787807814457e-17,1.0,0.0,0.0,55.0,0.0,0.0,55.0,55.0,1.0,33.0,0.0,55.0,55.0,55.0,55.0,55.0,0.0,0.0,25.0,25.0,0.0,4.0,60.0,38.62000012397766,1.0,2.0,328.0,26.0,26.0,0.6666666666666666,0.7749999999999999,0.5166666666666666,1.0,1.0,3.0,0.9501915708812261,260.0,0.0,0.1,0.10000000000000002,1.1880559976784483e-34,1.3877787807814457e-17,1.0,0.0,0.0,328.0,116.90832115617586,-1.9789910379684312,80.0,80.0,2.0,147.2,248.0,328.0,245.33333333333334,328.0,80.0,328.0,116.90832115617587,54.25,79.25,61.166666666666664,1.0,2.0,60.0,5.057000160217285,1.0,1.0,198.76000000000002,26.0,26.0,0.6666666666666666,1.0,0.6666666666666666,2.0,0.0,0.0,1.0,0.0,0.0,0.1,0.10000000000000002,1.1880559976784483e-34,1.3877787807814457e-17,1.0,0.0,0.0,465.0,188.56180831641268,-3.191921028981341,65.0,65.0,0.0,199.0,400.0,465.0,331.6666666666667,465.0,65.0,465.0,188.56180831641268,70.0,95.0,71.66666666666667,1.0,3.0,60.0,5.057000160217285,1.0,2.0,328.0
EXP-075,payment-service,26.0,26.0,0.6666666666666666,1.0,0.6666666666666666,0.0,1.0,4.0,0.5329636048526863,576.0,0.0,0.1,0.10000000000000002,-4.558519562479998e-34,1.3877787807814457e-17,0.0,0.0,0.0,352.52000000000004,144.9663182336581,-0.8138525683849305,45.0,45.0,1.0,150.008,307.52000000000004,352.52000000000004,250.01333333333335,352.52000000000004,45.0,352.52000000000004,144.96631823365806,70.0,95.0,71.66666666666667,1.0,1.0,60.0,6.0899999141693115,0.0,0.0,0.0,2.0,0.1,865.0,3.0,0.0,0.0,0.0,0.0,0.0,3.0,0.0,0.0,1.0,0.0,0.0,0.1,0.10000000000000002,-4.558519562479998e-34,1.3877787807814457e-17,1.0,0.0,0.0,15.0,0.0,0.0,15.0,15.0,0.0,9.0,0.0,15.0,15.0,15.0,15.0,15.0,0.0,0.0,25.0,25.0,0.0,5.0,60.0,38.60599994659424,0.0,3.0,55.0,0.0,0.0,0.0,0.0,0.0,2.0,0.0,1.0,0.0,15.0,0.0,0.1,0.10000000000000002,-4.558519562479998e-34,1.3877787807814457e-17,1.0,0.0,0.0,55.0,0.0,0.0,55.0,55.0,1.0,33.0,0.0,55.0,55.0,55.0,55.0,55.0,0.0,0.0,25.0,25.0,0.0,4.0,60.0,38.60599994659424,1.0,2.0,576.0,26.0,26.0,0.6666666666666666,1.0,0.6666666666666666,1.0,1.0,3.0,1.0759219088937093,460.0,0.0,0.1,0.10000000000000002,-4.558519562479998e-34,1.3877787807814457e-17,1.0,0.0,0.0,576.0,233.81664231235172,-1.3126654328789202,80.0,80.0,2.0,246.39999999999995,496.0,576.0,410.6666666666667,576.0,80.0,576.0,233.81664231235175,70.0,95.0,71.66666666666667,1.0,2.0,60.0,6.0899999141693115,1.0,1.0,352.52000000000004,26.0,26.0,0.6666666666666666,1.0,0.6666666666666666,2.0,0.0,0.0,1.0,0.0,0.0,0.1,0.10000000000000002,-4.558519562479998e-34,1.3877787807814457e-17,1.0,0.0,0.0,865.0,377.12361663282536,-2.11720231109503,65.0,65.0,0.0,359.0,800.0,865.0,598.3333333333334,865.0,65.0,865.0,377.12361663282536,70.0,95.0,71.66666666666667,1.0,3.0,60.0,6.0899999141693115,1.0,2.0,576.0
EXP-076,payment-service,26.0,26.0,0.6666666666666666,1.0,0.6666666666666666,0.0,1.0,4.0,0.5450447761194029,669.0,0.0,0.1,0.10000000000000002,4.5487400541465695e-34,1.3877787807814457e-17,0.0,0.0,0.0,410.18,172.14750290246894,-2.8972557151781473,45.0,45.0,1.0,173.07200000000003,365.18,410.18,288.4533333333333,410.18,45.0,410.18,172.14750290246897,70.0,95.0,71.66666666666667,1.0,1.0,60.0,5.079999923706055,0.0,0.0,0.0,2.0,0.1,1015.0,3.0,0.0,0.0,0.0,0.0,0.0,3.0,0.0,0.0,1.0,0.0,0.0,0.1,0.10000000000000002,4.5487400541465695e-34,1.3877787807814457e-17,1.0,0.0,0.0,15.0,0.0,0.0,15.0,15.0,0.0,9.0,0.0,15.0,15.0,15.0,15.0,15.0,0.0,0.0,25.0,25.0,0.0,5.0,60.0,38.65700006484985,0.0,3.0,55.0,0.0,0.0,0.0,0.0,0.0,2.0,0.0,1.0,0.0,15.0,0.0,0.1,0.10000000000000002,4.5487400541465695e-34,1.3877787807814457e-17,1.0,0.0,0.0,55.0,0.0,0.0,55.0,55.0,1.0,33.0,0.0,55.0,55.0,55.0,55.0,55.0,0.0,0.0,25.0,25.0,0.0,4.0,60.0,38.65700006484985,1.0,2.0,669.0,26.0,26.0,0.6666666666666666,1.0,0.6666666666666666,1.0,1.0,3.0,1.0988805970149254,535.0,0.0,0.1,0.10000000000000002,4.5487400541465695e-34,1.3877787807814457e-17,1.0,0.0,0.0,669.0,277.65726274591765,-4.672993088997011,80.0,80.0,2.0,283.59999999999997,589.0,669.0,472.6666666666667,669.0,80.0,669.0,277.65726274591765,70.0,95.0,71.66666666666667,1.0,2.0,60.0,5.079999923706055,1.0,1.0,410.18,26.0,26.0,0.6666666666666666,1.0,0.6666666666666666,2.0,0.0,0.0,1.0,0.0,0.0,0.1,0.10000000000000002,4.5487400541465695e-34,1.3877787807814457e-17,1.0,0.0,0.0,1015.0,447.8342947514801,-7.537085627414532,65.0,65.0,0.0,419.0,950.0,1015.0,698.3333333333334,1015.0,65.0,1015.0,447.83429475148006,70.0,95.0,71.66666666666667,1.0,3.0,60.0,5.079999923706055,1.0,2.0,669.0
EXP-077,payment-service,26.0,26.0,0.6666666666666666,1.0,0.6666666666666666,0.0,1.0,4.0,0.570326409495549,1010.0,0.0,0.1,0.10000000000000002,-4.356752316476858e-34,1.3877787807814457e-17,0.0,0.0,0.0,621.6,271.81184668810886,-1.5344124698256938,45.0,45.0,1.0,257.64,576.6,621.6,429.40000000000003,621.6,45.0,621.6,271.81184668810886,70.0,95.0,71.66666666666667,1.0,1.0,60.0,6.077999830245972,0.0,0.0,0.0,2.0,0.1,1565.0,3.0,0.0,0.0,0.0,0.0,0.0,3.0,0.0,0.0,1.0,0.0,0.0,0.1,0.10000000000000002,-4.356752316476858e-34,1.3877787807814457e-17,1.0,0.0,0.0,15.0,0.0,0.0,15.0,15.0,0.0,9.0,0.0,15.0,15.0,15.0,15.0,15.0,0.0,0.0,25.0,25.0,0.0,5.0,60.0,38.632999897003174,0.0,3.0,55.0,0.0,0.0,0.0,0.0,0.0,2.0,0.0,1.0,0.0,15.0,0.0,0.1,0.10000000000000002,-4.356752316476858e-34,1.3877787807814457e-17,1.0,0.0,0.0,55.0,0.0,0.0,55.0,55.0,1.0,33.0,0.0,55.0,55.0,55.0,55.0,55.0,0.0,0.0,25.0,25.0,0.0,4.0,60.0,38.632999897003174,1.0,2.0,1010.0,26.0,26.0,0.6666666666666666,1.0,0.6666666666666666,1.0,1.0,3.0,1.1467324290998766,810.0,0.0,0.1,0.10000000000000002,-4.356752316476858e-34,1.3877787807814457e-17,1.0,0.0,0.0,1010.0,438.4062043356595,-2.4748588222995047,80.0,80.0,2.0,420.0,930.0,1010.0,700.0,1010.0,80.0,1010.0,438.4062043356595,70.0,95.0,71.66666666666667,1.0,2.0,60.0,6.077999830245972,1.0,1.0,621.6,26.0,26.0,0.6666666666666666,1.0,0.6666666666666666,2.0,0.0,0.0,1.0,0.0,0.0,0.1,0.10000000000000002,-4.356752316476858e-34,1.3877787807814457e-17,1.0,0.0,0.0,1565.0,707.1067811865476,-3.9917077779024344,65.0,65.0,0.0,639.0,1500.0,1565.0,1065.0,1565.0,65.0,1565.0,707.1067811865476,70.0,95.0,71.66666666666667,1.0,3.0,60.0,6.077999830245972,1.0,2.0,1010.0
EXP-078,payment-service,26.0,26.0,0.6666666666666666,1.0,0.6666666666666666,0.0,1.0,4.0,0.5852456747404845,1444.0,0.0,0.1,0.10000000000000002,2.3832247631585506e-34,1.3877787807814457e-17,0.0,0.0,0.0,890.68,398.6573751425597,-6.72348091113162,45.0,45.0,1.0,365.272,845.6800000000001,890.6800000000001,608.7866666666666,890.6800000000001,45.0,890.6800000000001,398.6573751425597,70.0,95.0,71.66666666666667,1.0,1.0,60.0,5.060999870300293,0.0,0.0,0.0,2.0,0.1,2265.0,3.0,0.0,0.0,0.0,0.0,0.0,3.0,0.0,0.0,1.0,0.0,0.0,0.1,0.10000000000000002,2.3832247631585506e-34,1.3877787807814457e-17,1.0,0.0,0.0,15.0,0.0,0.0,15.0,15.0,0.0,9.0,0.0,15.0,15.0,15.0,15.0,15.0,0.0,0.0,25.0,25.0,0.0,5.0,60.0,38.58799982070923,0.0,3.0,55.0,0.0,0.0,0.0,0.0,0.0,2.0,0.0,1.0,0.0,15.0,0.0,0.1,0.10000000000000002,2.3832247631585506e-34,1.3877787807814457e-17,1.0,0.0,0.0,55.0,0.0,0.0,55.0,55.0,1.0,33.0,0.0,55.0,55.0,55.0,55.0,55.0,0.0,0.0,25.0,25.0,0.0,4.0,60.0,38.58799982070923,1.0,2.0,1444.0,26.0,26.0,0.6666666666666666,1.0,0.6666666666666666,1.0,1.0,3.0,1.1748492678725238,1160.0,0.0,0.1,0.10000000000000002,2.3832247631585506e-34,1.3877787807814457e-17,1.0,0.0,0.0,1444.0,642.9957663589672,-10.84432405021229,80.0,80.0,2.0,593.5999999999999,1364.0,1444.0,989.3333333333334,1444.0,80.0,1444.0,642.9957663589673,70.0,95.0,71.66666666666667,1.0,2.0,60.0,5.060999870300293,1.0,1.0,890.6800000000001,26.0,26.0,0.6666666666666666,1.0,0.6666666666666666,2.0,0.0,0.0,1.0,0.0,0.0,0.1,0.10000000000000002,2.3832247631585506e-34,1.3877787807814457e-17,1.0,0.0,0.0,2265.0,1037.0899457402697,-17.49084524227788,65.0,65.0,0.0,919.0,2200.0,2265.0,1531.6666666666667,2265.0,65.0,2265.0,1037.0899457402697,70.0,95.0,71.66666666666667,1.0,3.0,60.0,5.060999870300293,1.0,2.0,1444.0
EXP-079,payment-service,26.0,26.0,0.65,1.0,0.65,0.0,1.0,4.0,0.4915601023017903,390.0,0.0,0.1,0.1,0.0,0.0,0.0,0.0,0.0,237.20000000000002,90.6039488960363,-0.948578070598547,45.0,45.0,1.0,101.958,192.20000000000002,237.20000000000002,169.93,237.20000000000002,45.0,237.20000000000002,91.67355725616848,70.0,95.0,70.5,1.0,1.0,60.0,6.083000183105469,0.0,0.0,0.0,2.0,0.1,565.0,3.0,0.0,0.0,0.0,0.0,0.0,3.0,0.0,0.0,1.0,0.0,0.0,0.1,0.1,0.0,0.0,1.0,0.0,0.0,15.0,0.0,0.0,15.0,15.0,0.0,9.0,0.0,15.0,15.0,15.0,15.0,15.0,0.0,0.0,25.0,25.0,0.0,5.0,60.0,39.60199999809265,0.0,3.0,55.0,0.0,0.0,0.0,0.0,0.0,2.0,0.0,1.0,0.0,15.0,0.0,0.1,0.1,0.0,0.0,1.0,0.0,0.0,55.0,0.0,0.0,55.0,55.0,1.0,33.0,0.0,55.0,55.0,55.0,55.0,55.0,0.0,0.0,25.0,25.0,0.0,4.0,60.0,39.60199999809265,1.0,2.0,390.0,26.0,26.0,0.65,0.96875,0.6296875,1.0,1.0,3.0,0.9967845659163987,310.0,0.0,0.1,0.1,0.0,0.0,1.0,0.0,0.0,390.0,146.13540144521983,-1.5299646299976566,80.0,80.0,2.0,168.9,310.0,390.0,281.5,390.0,80.0,390.0,147.86057621962658,67.8125,92.8125,69.078125,1.0,2.0,60.0,6.083000183105469,1.0,1.0,237.20000000000002,26.0,26.0,0.65,1.0,0.65,2.0,0.0,0.0,1.0,0.0,0.0,0.1,0.1,0.0,0.0,1.0,0.0,0.0,565.0,235.70226039551585,-2.4676848870929957,65.0,65.0,0.0,234.0,500.0,565.0,390.0,565.0,65.0,565.0,238.4848003542364,70.0,95.0,70.5,1.0,3.0,60.0,6.083000183105469,1.0,2.0,390.0
EXP-080,payment-service,25.0,25.0,0.6410256410256411,1.0,0.6410256410256411,0.0,1.0,4.0,0.5591272727272728,824.0,0.0,0.1,0.10000000000000002,-3.5747437336372113e-34,1.3877787807814457e-17,0.0,0.0,0.0,506.28000000000003,217.44947735048711,-2.362484704815402,45.0,45.0,1.0,204.41538461538462,461.28000000000003,506.28000000000003,340.6923076923077,506.28000000000003,45.0,506.28000000000003,221.27586145783124,70.0,95.0,69.87179487179488,1.0,1.0,60.0,6.069000005722046,0.0,0.0,0.0,2.0,0.1,1265.0,3.0,0.0,0.0,0.0,0.0,0.0,3.0,0.0,0.0,1.0,0.0,0.0,0.1,0.10000000000000002,-3.5747437336372113e-34,1.3877787807814457e-17,1.0,0.0,0.0,15.0,0.0,0.0,15.0,15.0,0.0,9.0,0.0,15.0,15.0,15.0,15.0,15.0,0.0,0.0,25.0,25.0,0.0,5.0,60.0,38.575000047683716,0.0,3.0,55.0,0.0,0.0,0.0,0.0,0.0,2.0,0.0,1.0,0.0,15.0,0.0,0.1,0.10000000000000002,-3.5747437336372113e-34,1.3877787807814457e-17,1.0,0.0,0.0,55.0,0.0,0.0,55.0,55.0,1.0,33.0,0.0,55.0,55.0,55.0,55.0,55.0,0.0,0.0,25.0,25.0,0.0,4.0,60.0,38.575000047683716,1.0,2.0,824.0,25.0,25.0,0.6410256410256411,1.0,0.6410256410256411,1.0,1.0,3.0,1.1255673222390317,660.0,0.0,0.1,0.10000000000000002,-3.5747437336372113e-34,1.3877787807814457e-17,1.0,0.0,0.0,824.0,350.72496346852756,-3.810459201315162,80.0,80.0,2.0,334.15384615384613,744.0,824.0,556.9230769230769,824.0,80.0,824.0,356.8965507384375,70.0,95.0,69.87179487179488,1.0,2.0,60.0,6.069000005722046,1.0,1.0,506.28000000000003,25.0,25.0,0.6410256410256411,1.0,0.6410256410256411,2.0,0.0,0.0,1.0,0.0,0.0,0.1,0.10000000000000002,-3.5747437336372113e-34,1.3877787807814457e-17,1.0,0.0,0.0,1265.0,565.685424949238,-6.145901937605103,65.0,65.0,0.0,500.53846153846155,1200.0,1265.0,834.2307692307693,1265.0,65.0,1265.0,575.6395979652217,70.0,95.0,69.87179487179488,1.0,3.0,60.0,6.069000005722046,1.0,2.0,824.0
